trial_id,bundle_hash,family,strategy,cluster_id,n_obs,periods_per_year,sharpe_periodic,skew,kurtosis_raw,returns_sha256,created_utc
00d419adb21951d9d37d6c123bc10cc1cb9c9c32ab966c7b242fc191fbd66162,ed30a3515725a40ebe242e7399513dd04f50fcf1c464c99492a555d0660cac37,discovery,sweep_reclaim,sweep_reclaim,756,252.0,-0.006753926497736629,2.430429895242018,39.87668704608529,01c061d57af2b96a97f8cfaca86c14cbb8a9b0ae64da4794d87183d8a3f69481,2026-09-27T17:52:07.721070+00:00
0b825bbd2f61f12dc874be4f4c6ba115884877883eeddf4344dd75c38adba430,ed30a3515725a40ebe242e7399513dd04f50fcf1c464c99492a555d0660cac37,discovery,sweep_reclaim,sweep_reclaim,756,252.0,-0.027163342771244894,-0.13779741701646156,18.411678105414154,ac069b158a15dc313dfe1d2766ada861aac565d206a48cdcdb9c18562841c289,2026-09-27T17:52:07.721070+00:00
11aac870f88437bdc442629dd5bb6cf6e56b450f9ab90374192358c24592f9c8,ed30a3515725a40ebe242e7399513dd04f50fcf1c464c99492a555d0660cac37,discovery,sweep_reclaim,sweep_reclaim,756,252.0,-0.021394434071922843,-0.426510092005121,11.327175648701905,a7bc3c6da5b7670b0dcfee933affedaaa89dc02c20ed10aa6594e5b10e9bbca3,2026-09-27T17:52:07.721070+00:00
1e42eadb77c9b8b4e8c56ae4ac8428f76b7e3ef53678ed512973352c9b3b7d2f,ed30a3515725a40ebe242e7399513dd04f50fcf1c464c99492a555d0660cac37,discovery,slow_trend,slow_trend,756,252.0,-0.03179167207771066,0.627558416370486,9.227243973197341,dbd6db1d88b796ba5a53a63ff2399714c2eb916562e579e9f4d37d46bcedda72,2026-09-27T17:52:07.721070+00:00
2319ea417f265a18e7a73a7800e5376d88f2c7b9a243ffc51a853746b269e2ba,ed30a3515725a40ebe242e7399513dd04f50fcf1c464c99492a555d0660cac37,discovery,sweep_reclaim,sweep_reclaim,756,252.0,-0.001260667530384262,2.980789531790991,48.80940029502809,71273f8ead353e437bed22c0bb7b52648c66fff3d3df6b8b927b09db64c38f5f,2026-09-27T17:52:07.721070+00:00
2bddfdf51240aedd6396accb8355150e1a2931c5782c1045f04651ce054010c7,ed30a3515725a40ebe242e7399513dd04f50fcf1c464c99492a555d0660cac37,discovery,slow_trend,slow_trend,756,252.0,-0.02509878881463091,0.5357915562261328,7.79571063409565,dd9ce0cf7535a9ece7bb20f31b3c907202af9903eff3fcb793772d1fdee34901,2026-09-27T17:52:07.721070+00:00
2f9412f65868c024bfdad3ecea55a39d4c0abe1d6d3008684ae6e287e0663d18,ed30a3515725a40ebe242e7399513dd04f50fcf1c464c99492a555d0660cac37,discovery,sweep_reclaim,sweep_reclaim,756,252.0,-0.009829690469733633,0.3069260077845252,22.324583914631265,4501d089882e4ca43b1f760f0c37258cd2581c434d3e7de71f4f7e3472b7c7e8,2026-09-27T17:52:07.721070+00:00
3034f304a09737d0521a558f9db7d90d15b606110a3294d7bab1dfaf7fee9578,ed30a3515725a40ebe242e7399513dd04f50fcf1c464c99492a555d0660cac37,discovery,sweep_reclaim,sweep_reclaim,756,252.0,-0.03111715965115569,-0.8297441087140975,22.493407863287747,29bcb413202298aaa9883a68350167e6c2e157f2ab4933fe171ed325a60596de,2026-09-27T17:52:07.721070+00:00
3b61cd31180912dba19fd7966d45aab8af521f79e41b5d38ac18ea78ecdd07bf,ed30a3515725a40ebe242e7399513dd04f50fcf1c464c99492a555d0660cac37,discovery,sweep_reclaim,sweep_reclaim,756,252.0,0.003917855899244881,4.195375090813784,73.35939575872021,cafcc9254a4e5208e83ff61ffe2690f93027f1ab372942a4610333764000c30c,2026-09-27T17:52:07.721070+00:00
582fdf6a1336d8a0dc33a15ed6a440c1b4426f4653c0fc7680040cde2496fb51,ed30a3515725a40ebe242e7399513dd04f50fcf1c464c99492a555d0660cac37,discovery,slow_trend,slow_trend,756,252.0,-0.031851716229707935,0.4943364610132254,6.435727816726591,4bbde0ea0d8a8d04ea571d475b1667ae2df30a0cf26301d24d9ae3d55cfb1970,2026-09-27T17:52:07.721070+00:00
5cbcf5b6e44beec6b0812c556e4ff22996198c9b2b52e72f810adfaf539e1a9d,ed30a3515725a40ebe242e7399513dd04f50fcf1c464c99492a555d0660cac37,discovery,slow_trend,slow_trend,756,252.0,-0.03475626401301262,0.2860084793239024,5.998084613219516,634e89ceaf3b8ae98a11aa193dfc2ee740e64700f1602f58d307198537e5037f,2026-09-27T17:52:07.721070+00:00
637d9b8529b97692de557d27c283baeba77d0b0cc5a1b655b55a63c2e2e03b1f,ed30a3515725a40ebe242e7399513dd04f50fcf1c464c99492a555d0660cac37,discovery,sweep_reclaim,sweep_reclaim,756,252.0,0.011104697952774835,4.307087200347763,79.09477579784875,71157b5c9d2186d18e6738061ea73a401f0aa2d69387da43b4fd8ee297e75766,2026-09-27T17:52:07.721070+00:00
65485990900792f327c47f7b0075377ab65b14e02ef47c687b7c93601b9b28f3,ed30a3515725a40ebe242e7399513dd04f50fcf1c464c99492a555d0660cac37,discovery,slow_trend,slow_trend,756,252.0,0.0028253453711971147,0.740879654446072,8.942996255416851,e1ac242fe201498cbcb83abddc7022b3d6889d3143c1147c4dfc4a71fddde838,2026-09-27T17:52:07.721070+00:00
705f671b291525ec32904e5f4bb11606f8f2cdb97ff0789ecbedf6104ce26d2a,ed30a3515725a40ebe242e7399513dd04f50fcf1c464c99492a555d0660cac37,discovery,slow_trend,slow_trend,756,252.0,-0.02058092312008656,0.5671671275398983,9.80824295482287,5794730864a2906a6dbde7be7c198625c8a2c7c55483dcf3ef6a99704da2bf94,2026-09-27T17:52:07.721070+00:00
7cef5aafdc0eeabe0e7b5b6ce3aa3b2dfdc206df6c958fe03fb746ef65a8f249,ed30a3515725a40ebe242e7399513dd04f50fcf1c464c99492a555d0660cac37,discovery,equal_weight_long,equal_weight_long,756,252.0,0.03083557201485815,-0.13353428413578142,4.747466191191332,c8032c3676765bd775a0384f295b13104c2645eac203f19c1f16688272f1d726,2026-09-27T17:52:07.721070+00:00
7e564892b93403c65806b9c0c47d4fa0d82fc1d10df3cdfcc0d9c3fdbd120e7d,ed30a3515725a40ebe242e7399513dd04f50fcf1c464c99492a555d0660cac37,discovery,sweep_reclaim,sweep_reclaim,756,252.0,0.0013839558997519933,0.3201306865453445,30.592761520017138,e67a18b93792218aa6821f9b3d363290599d0a051e51174f77ea580ad44e4c26,2026-09-27T17:52:07.721070+00:00
841272efd34c9b326fa3f80e4db7485d385ad93475419e09891fc1a76065959d,ed30a3515725a40ebe242e7399513dd04f50fcf1c464c99492a555d0660cac37,discovery,sweep_reclaim,sweep_reclaim,756,252.0,0.0037864038585514277,3.5439525390908004,63.1015740731597,18c4dcbd20849ebc256fba1d10f5d401bdbe21796d2e715035847a2cc3cbc5bc,2026-09-27T17:52:07.721070+00:00
89945a2391fa7b244d2041fd76ee5ac0268836cc8b270bf3083034b1c6a4fa80,ed30a3515725a40ebe242e7399513dd04f50fcf1c464c99492a555d0660cac37,discovery,sweep_reclaim,sweep_reclaim,756,252.0,-0.005750300066016785,1.4817875940419059,29.383329224428596,db0c46c5ef6230f8d1a7b15893e3ef0f73cf05b24b0402de863c51ac9adbb732,2026-09-27T17:52:07.721070+00:00
8cee35b87f6b25c618b9f7ba243cd84e330ab2133b28e1e357412848e9535a43,ed30a3515725a40ebe242e7399513dd04f50fcf1c464c99492a555d0660cac37,discovery,sweep_reclaim,sweep_reclaim,756,252.0,-0.0007406957390689668,-0.19264928326771447,15.92072692591898,a9afaf6429e5ad11d48c57b0db6f87c3001da108381a381ef74356842f6d796a,2026-09-27T17:52:07.721070+00:00
93f6434e9f5deb0345c0c05277341be6935ddd10953eb6e2a0602ddedd6342d9,ed30a3515725a40ebe242e7399513dd04f50fcf1c464c99492a555d0660cac37,discovery,sweep_reclaim,sweep_reclaim,756,252.0,0.006973541769800413,3.802977339564973,62.546954599542104,c5297a078d1315f8cbc97a491358e74f5cefe495498005d83981ebace58dbf37,2026-09-27T17:52:07.721070+00:00
98bf2457f00586986a991847dcb6675477e464c09bd6c4dd232140cefa3f56d3,ed30a3515725a40ebe242e7399513dd04f50fcf1c464c99492a555d0660cac37,discovery,sweep_reclaim,sweep_reclaim,756,252.0,-0.004336324844360799,3.1967552393680427,55.27581550398317,82fc7ce6234eed09bea9e5f8f17d2a9eb734bbf1ddcc2733a73872385aa7e302,2026-09-27T17:52:07.721070+00:00
a1f71fb94a3365d7068397813397275d10dbfb3c1fa3d4436886802033e43bf0,ed30a3515725a40ebe242e7399513dd04f50fcf1c464c99492a555d0660cac37,discovery,slow_trend,slow_trend,756,252.0,-0.011138614861955417,0.3047817742811111,5.79228739186856,3b5f2589fa265547787fc60e77a14e753614f88ac962be1f0d7532b518fe6ce7,2026-09-27T17:52:07.721070+00:00
a8d3e3c86fd09c16150760ba6edce3ea5fa4855a7ed3b43785ce4991b782497c,ed30a3515725a40ebe242e7399513dd04f50fcf1c464c99492a555d0660cac37,discovery,slow_trend,slow_trend,756,252.0,-0.016998193803333436,0.5855221135317332,9.216860730097492,7cc524e1cbfbb9fc47ccd2769b8403f598664078d840eb5478b983d7dea56c44,2026-09-27T17:52:07.721070+00:00
be3fc2e6c6a97cdff1fd237179a7c8daa895eb78b64648f08ad62aebe542d7bf,ed30a3515725a40ebe242e7399513dd04f50fcf1c464c99492a555d0660cac37,discovery,slow_trend,slow_trend,756,252.0,-0.030316025873066935,0.5115887572059953,8.165001230495578,b9799c3604796d6bdbd95259411fa08a9b6a1276af4515aaffb2ca8b8c1f1806,2026-09-27T17:52:07.721070+00:00
c9ef625a755688c5ca21cd7d1e042aa4071fbf2d834e4c7c27e4c5555dc6daac,ed30a3515725a40ebe242e7399513dd04f50fcf1c464c99492a555d0660cac37,discovery,sweep_reclaim,sweep_reclaim,756,252.0,-0.009348329300269008,2.0528856243086873,34.59028577650463,39c222a344dad35510728e0029f576b6a908befad39d11b80f7d458711b5ea0f,2026-09-27T17:52:07.721070+00:00
cbdad59492e1020ca3e76d00bd57c67c54efc5e8567a9681ce7cfcac91ca28ea,ed30a3515725a40ebe242e7399513dd04f50fcf1c464c99492a555d0660cac37,discovery,sweep_reclaim,sweep_reclaim,756,252.0,-0.01505650699736652,-0.7755844865747785,26.722835223442107,4db6110518a8f0c6912cdbc4de490ae6e9037da0ad2792ba277b45cd35087298,2026-09-27T17:52:07.721070+00:00
e29224923808d174c5c7d4eaf4100e1e407fc7248c173d2edfba073318e0a1d0,ed30a3515725a40ebe242e7399513dd04f50fcf1c464c99492a555d0660cac37,discovery,sweep_reclaim,sweep_reclaim,756,252.0,-0.021841258030354426,-0.2588058996487379,12.107649365999018,bf51c653e25b31eea84936653ec4a2e5139381d94071b79492356a4b787b0424,2026-09-27T17:52:07.721070+00:00
e58f253bbef9764aedcdc9904772e74558c619854172590f6e7ad811e32851ea,ed30a3515725a40ebe242e7399513dd04f50fcf1c464c99492a555d0660cac37,discovery,slow_trend,slow_trend,756,252.0,-0.0032596235329639587,0.533232845653003,7.939865649036287,7c409ddbdc2dfb9721be7ed66eeae4785686a19b3696dcf3f075816e9f87392f,2026-09-27T17:52:07.721070+00:00
eba751acb16c8ed409eddd6ec11302ff631f0e1d7d343a52c1c90aab76ab85bb,ed30a3515725a40ebe242e7399513dd04f50fcf1c464c99492a555d0660cac37,discovery,sweep_reclaim,sweep_reclaim,756,252.0,-0.024499807893298812,-0.37434527562009856,16.43774095076,76acf93eebef1637039482481244e73b613e1c381b34cc5ccfa558d52b9f6d81,2026-09-27T17:52:07.721070+00:00
15e1e976a4287c8c710b75e6a5f06cc1e4a41aee88761a95e8f5495ce17f10f8,11de22a80b4dd1830c1ea49b87ec9007e4439a950fb9a31962c8a74e37d59cf8,discovery,xs_momentum,xs_momentum,756,252.0,-0.017864666715247293,-0.5728874264356356,7.921541102107929,dda65de1c4b49910a0c38585733cb3b260faeb762f43c5b286c3253f9034da75,2026-09-28T02:17:28.538250+00:00
3e4d9743c2f57ab35bef5c17704f4bd13855300ce5fbc0f0b94c6baea312e10d,11de22a80b4dd1830c1ea49b87ec9007e4439a950fb9a31962c8a74e37d59cf8,discovery,xs_momentum,xs_momentum,756,252.0,-0.0021787964014740135,-0.4061555116525564,5.876107519772011,84489d7cb0ad81da0a7358713387d94fe1d9aca682a9be6b412fb3355ca7c466,2026-09-28T02:17:28.538250+00:00
ff38da5d8f275c234345c763fb2b5249cd40a80d3da20ccdd83723ec0505b198,11de22a80b4dd1830c1ea49b87ec9007e4439a950fb9a31962c8a74e37d59cf8,discovery,xs_momentum,xs_momentum,756,252.0,-0.010588795247101202,-1.4854016115358872,15.637492710945846,1e6736c17f52484517a6e088bf00faf4fc0a03b1711d93edadecb2ce34c148fa,2026-09-28T02:17:28.538250+00:00
ff543e9d19639bff609cc48da9f0d2ae7d2f73d4b4ed5bda1e1fa5130b06a6bd,11de22a80b4dd1830c1ea49b87ec9007e4439a950fb9a31962c8a74e37d59cf8,discovery,st_reversal,st_reversal,756,252.0,-0.005394294444030046,0.39711204303067527,11.085783188514922,fd2f31960d39ea87ffafeb3c0c8d2c17ff093f56ade80db314353dd91c373ae2,2026-09-28T02:17:28.538250+00:00
1ddb58531f4316d4ad283e7b0f91d007a2e419ef345b64426728dfe6cdd48c45,11de22a80b4dd1830c1ea49b87ec9007e4439a950fb9a31962c8a74e37d59cf8,discovery,st_reversal,st_reversal,756,252.0,0.004615853496737353,0.09087641338345882,8.256138239700824,3fcf33ff3b4e75ab64dd97fa80f8da1518292bbc5263a40a685160e64ef8f2cf,2026-09-28T02:17:28.538250+00:00
47d52573d25a3c1741d2a18cbf11c7b8d9c4ffd63d88e2b8a4790d5e74d5f39d,11de22a80b4dd1830c1ea49b87ec9007e4439a950fb9a31962c8a74e37d59cf8,discovery,low_vol,low_vol,756,252.0,0.01621278662662783,-0.8590701072763344,12.90492818329161,09df334205d085636a540e8f83f942d5c65885490dbefbd9263bae046da9746f,2026-09-28T02:17:28.538250+00:00
d02270934c7fd386b927938d605bf3873a2a5e1b26c203afa5aba7dbaff7b2bd,11de22a80b4dd1830c1ea49b87ec9007e4439a950fb9a31962c8a74e37d59cf8,discovery,low_vol,low_vol,756,252.0,0.01847478464088965,-0.5509840365320934,10.437408135212154,fc457416d1e52eb13e0061614458c221ae3d36028a9d071734482eeb59aee363,2026-09-28T02:17:28.538250+00:00
bba1199e819423c4939ad33f72103a207499c20e82133138c9fad48377d2c86a,11de22a80b4dd1830c1ea49b87ec9007e4439a950fb9a31962c8a74e37d59cf8,discovery,low_vol,low_vol,756,252.0,0.016492325228345556,-0.6142040589150299,10.82846338423191,acbb56451ced160fbb9f6b5f1c40a97417ad8ddd0822d8e0e13b9e62f74fc33e,2026-09-28T02:17:28.538250+00:00
3a945e54c0ea626f60649898e09df6d7eb80031cdb606c4aa9fca44202e5a748,11de22a80b4dd1830c1ea49b87ec9007e4439a950fb9a31962c8a74e37d59cf8,discovery,dip_regime,dip_regime,756,252.0,0.037486064979794904,-0.3300994754035168,6.58001092331288,f2181313df06b738305883a86d9f5b2b53d59868bc238c40c3c2611f06e6cd82,2026-09-28T02:17:28.538250+00:00
3bbba7c7469bec1ac7d0769b423f569ed795cb0a8b2f9af6b68ee492727acc6e,11de22a80b4dd1830c1ea49b87ec9007e4439a950fb9a31962c8a74e37d59cf8,discovery,dip_regime,dip_regime,756,252.0,0.021463433903311853,-0.5239549276722918,6.834755484515525,b9f9af78aca34c79462658aef11db201b4a63909e03290d9f754e85c072fb72e,2026-09-28T02:17:28.538250+00:00
39ed270863808c26050d176dd288ad51e0a87a996a878ba345dd31a2d67dc360,11de22a80b4dd1830c1ea49b87ec9007e4439a950fb9a31962c8a74e37d59cf8,discovery,dip_regime,dip_regime,756,252.0,0.02341468175112909,-0.3547613291498648,5.771924935788243,03d7490724366e64370c000fc83baf9c541cbdcb4888ae04f2c8f3061a8c6914,2026-09-28T02:17:28.538250+00:00
4aed77cf1ae55e5feb5eb72bcc12151ecf89e1ab79ddc4798e816d690e575cb7,11de22a80b4dd1830c1ea49b87ec9007e4439a950fb9a31962c8a74e37d59cf8,discovery,dip_regime,dip_regime,756,252.0,0.019020286518745145,-0.5346360146927067,6.8689568518071775,7bcf4871c242ecd704b1d9f931f64efefeddb3b1354af55b0cb036d190af114a,2026-09-28T02:17:28.538250+00:00
abb5f97f16631c930cce004890dc3f386523693027eda098e72249471c6a91dd,11de22a80b4dd1830c1ea49b87ec9007e4439a950fb9a31962c8a74e37d59cf8,discovery,equal_weight_pit,equal_weight_pit,756,252.0,0.02110604084494258,-0.5771001687635842,8.152858497609481,6f7f1effc3c2a00b1723562751003ab5d5fb094a2e93e1c1f4427af12b818dee,2026-09-28T02:17:28.538250+00:00
