trade_date,cash,tw_ETHUSDT,pos_ETHUSDT,tw_SOLUSDT,pos_SOLUSDT,tw_BTCUSDT,pos_BTCUSDT
2023-12-28,1000000.0,,,,,,
2023-12-29,1000000.0,,,,,,
2023-12-30,1000000.0,,,,,,
2023-12-31,1000000.0,,,,,,
2024-01-01,1000000.0,,,,,,
2024-01-02,1000000.0,,,,,,
2024-01-03,1000000.0,,,,,,
2024-01-04,1000000.0,,,,,,
2024-01-05,1000000.0,,,,,,
2024-01-06,1000000.0,,,,,,
2024-01-07,1000000.0,,,,,,
2024-01-08,1000000.0,,,,,,
2024-01-09,1000000.0,,,,,,
2024-01-10,1000000.0,,,,,,
2024-01-11,1000000.0,,,,,,
2024-01-12,1000000.0,,,,,,
2024-01-13,1000000.0,,,,,,
2024-01-14,1000000.0,,,,,,
2024-01-15,1000000.0,,,,,,
2024-01-16,1000000.0,0.3,,,,,
2024-01-17,699700.0,0.3,119.43673449392766,,,,
2024-01-18,706105.8412362052,0.3,116.9584826098003,0.3,,,
2024-01-19,400508.383123917,0.3,118.80889347427598,,2944.272879138114,,
2024-01-20,680100.8828326687,0.3,118.01463702821616,,,,
2024-01-21,681932.6902646155,0.3,117.27882304814182,,,,
2024-01-22,680292.1632065097,0.3,117.94179833029453,,,,
2024-01-23,679056.336994196,,118.4442653401565,,,,
2024-01-24,952884.7619341717,,,,,,
2024-01-25,952884.7619341717,,,,,,
2024-01-26,952884.7619341717,,,,,,
2024-01-27,952884.7619341717,,,,,,
2024-01-28,952884.7619341717,,,0.3,,,
2024-01-29,666733.4679253399,,,0.3,3032.4115705935687,,
2024-01-30,670466.5168903299,,,0.3,2993.4826630625566,0.3,
2024-01-31,389621.21012819547,,,0.3,2876.40575780129,0.3,6.753484061330331
2024-02-01,388514.6558313897,,,0.3,2873.641386747065,0.3,6.785742107171431
2024-02-02,382421.6197604437,,,0.3,2958.1677908739453,0.3,6.736118982969804
2024-02-03,384786.38336465735,,,0.3,2950.5323594212496,0.3,6.698509923409496
2024-02-04,388351.42932944605,,,0.3,2896.182683674548,0.3,6.742341912618606
2024-02-05,384804.9123841185,,,0.3,2946.487280560116,0.3,6.710091340476762
2024-02-06,380743.8095382614,,,0.3,2990.7954588130074,0.3,6.706008794662663
2024-02-07,381298.73517906753,0.3,,0.3,2989.488365537411,0.3,6.6959301787771
2024-02-08,95657.4755124661,0.3,121.31830440880235,0.3,2971.440344907229,0.3,6.678662967997868
2024-02-09,98652.73907253308,0.3,122.04818462764712,0.3,2926.41728862661,0.3,6.67374299560376
2024-02-10,99686.23719168521,0.3,123.61111951409609,0.3,2910.231948465708,0.3,6.603960606087629
2024-02-11,102947.33922368304,0.3,124.21207545576831,0.3,2888.1688663938007,0.3,6.552993000457544
2024-02-12,104121.09721318143,0.3,124.93909984178016,0.3,2865.5878143908635,0.3,6.541794364319477
2024-02-13,104118.66379699035,0.3,124.5932523671265,0.3,2906.9671804496734,0.3,6.467550528979586
2024-02-14,108285.19603877379,0.3,122.13665098063987,0.3,2909.8277170551437,0.3,6.508412736305656
2024-02-15,108145.80006674762,0.3,122.9000984333155,0.3,2884.3011452067235,0.3,6.528322551132571
2024-02-16,112463.75193638563,0.3,121.59592869502791,0.3,2884.5377905368928,0.3,6.514205410777289
2024-02-17,112085.54178004767,0.3,119.1495078012637,0.3,2963.0751280902746,0.3,6.482439303626842
2024-02-18,111058.13042165744,0.3,118.92643468129006,0.3,3020.3887041740445,0.3,6.392614374814551
2024-02-19,110146.33303130392,0.3,118.61323051640983,0.3,3033.850233646378,0.3,6.39872318484136
2024-02-20,112595.03772284316,0.3,117.24896445585767,0.3,3009.511899021559,0.3,6.479339178305662
2024-02-21,112885.82042897149,0.3,115.01494741992646,0.3,3036.8154441425067,0.3,6.541723512696557
2024-02-22,113023.93450334005,0.3,112.48914064854645,,3130.847430440027,0.3,6.48949575749773
2024-02-23,444556.9796657776,0.3,112.42478488666171,,,0.3,6.435306275031713
2024-02-24,443465.06875936844,0.3,111.93437915440414,,,0.3,6.484929563614201
2024-02-25,439851.40459632984,0.3,112.8894724913437,,,0.3,6.5010699981328095
2024-02-26,445168.78129091614,0.3,111.56797886746732,,,0.3,6.4745425897631295
2024-02-27,450930.0284586616,0.3,108.65731867890112,0.3,,0.3,6.538068611911568
2024-02-28,114862.38202363042,0.3,108.8358965820345,0.3,3145.1988683918753,0.3,6.34507511243762
2024-02-29,117020.62588357642,0.3,108.29506368703903,0.3,3240.7061861216985,0.3,6.156150324346695
2024-03-01,125320.08007541938,0.3,111.1531177865502,0.3,3159.2307830934647,0.3,6.023234518577921
2024-03-02,126147.96680557862,0.3,113.33561755423632,0.3,3012.032991260635,0.3,6.192478117958794
2024-03-03,129140.78125929726,0.3,112.84315935058359,0.3,2993.4170848029853,0.3,6.2101458947161525
2024-03-04,128935.50551030702,0.3,113.05978096508498,0.3,2974.8642273511077,0.3,6.240338083081172
2024-03-05,130422.94946057712,0.3,112.19045572956996,0.3,3006.2835430416762,0.3,6.199861690232303
2024-03-06,136091.473576644,0.3,112.56176741197632,0.3,3064.2801182754806,0.3,5.983466889263763
2024-03-07,130112.1734966005,0.3,109.86193343434836,0.3,3115.5690393331906,0.3,6.126606567640162
2024-03-08,136179.70757524043,0.3,106.99957713435833,0.3,3123.7495724780797,0.3,6.183766868354674
2024-03-09,141215.33771388247,0.3,109.53990736602081,0.3,2946.6248888149566,0.3,6.3418654286270915
2024-03-10,142519.9752857855,0.3,110.10609013263169,0.3,2953.123281775626,0.3,6.276516722798955
2024-03-11,142736.74575803458,0.3,109.65467389661772,0.3,2967.591254958209,0.3,6.268523767431232
2024-03-12,142870.01945238822,0.3,110.51558007763487,0.3,2968.566801286881,0.3,6.216023073643298
2024-03-13,148183.60229827615,0.3,109.37399245974045,0.3,2987.1894404432755,0.3,6.168078795823653
2024-03-14,147527.66573739174,0.3,111.2160554796523,0.3,2930.203682132176,0.3,6.194879934348498
2024-03-15,152546.02514100296,0.3,114.30260032174581,0.3,2792.9098978281813,0.3,6.264443551815224
2024-03-16,153617.76434573816,0.3,118.77399698704502,0.3,2609.9283630623686,0.3,6.4581971037911705
2024-03-17,152658.37496565338,,122.41756691575769,0.3,2490.4038878156266,,6.591522553798187
2024-03-18,1026553.8504233407,,,0.3,2418.7121358636687,0.3,
2024-03-19,605420.146864641,,,0.3,2251.3314798215706,0.3,6.644366505288867
2024-03-20,598282.5055166028,,,0.3,2290.3123310593755,,6.636858271076257
2024-03-21,978363.6057568633,,,0.3,2470.191582138134,0.3,
2024-03-22,580345.3280671801,,,0.3,2271.663910472329,,6.421152686496943
2024-03-23,985592.8092612661,,,0.3,2354.7506253115125,,
2024-03-24,978711.2027603363,,,0.3,2393.987720829622,,
2024-03-25,974418.9297198249,,,0.3,2418.824009315256,,
2024-03-26,993398.6632191384,,,0.3,2315.4970242928416,0.3,
2024-03-27,571954.9297730937,,,0.3,2271.639295156254,0.3,6.143308304137646
2024-03-28,573824.9728883595,,,0.3,2259.638446191935,0.3,6.149208459640502
2024-03-29,568822.4580870403,,,0.3,2289.4786158768807,0.3,6.141089461284558
2024-03-30,575061.4298723558,,,0.3,2274.313212956914,0.3,6.09348814217375
2024-03-31,574952.2984060951,,,0.3,2245.716719073865,0.3,6.173503998816051
2024-04-01,576239.0100341066,0.3,,0.3,2225.573662553081,0.3,6.211133445807123
2024-04-02,146501.16214608372,,120.93984024556256,0.3,2177.6280643050272,0.3,6.184915754390562
2024-04-03,567426.3535780316,,,,2215.4425614910297,,6.114828955079025
2024-04-04,1369094.259741702,,,,,,
2024-04-05,1369094.259741702,,,,,0.3,
2024-04-06,957955.2535412689,,,,,0.3,5.99710162486535
2024-04-07,955275.0590293613,,,,,0.3,6.036581011651891
2024-04-08,959815.3962036347,0.3,,,,0.3,5.970613726811992
2024-04-09,549161.6559146354,0.3,119.32772879474662,,,0.3,5.942611881057581
2024-04-10,566239.2859699185,0.3,114.94914840077055,,,0.3,5.929800132938062
2024-04-11,551713.0597611108,0.3,118.01154749351728,,,0.3,5.984376227210595
2024-04-12,557123.5661466953,0.3,117.8480469566032,,,0.3,5.915904834586614
2024-04-13,553612.0271006288,,118.54654621054863,,,,5.931068107413429
2024-04-14,1334687.7914907443,,,,,,
2024-04-15,1334687.7914907443,,,,,,
2024-04-16,1334687.7914907443,,,,,,
2024-04-17,1334687.7914907443,,,,,,
2024-04-18,1334687.7914907443,,,,,,
2024-04-19,1334687.7914907443,,,,,,
2024-04-20,1334687.7914907443,,,,,,
2024-04-21,1334687.7914907443,,,,,,
2024-04-22,1334687.7914907443,,,,,,
2024-04-23,1334687.7914907443,,,,,0.3,
2024-04-24,933881.0477060738,,,,,,5.992373696329243
2024-04-25,1331460.576867416,,,,,,
2024-04-26,1331460.576867416,,,,,,
2024-04-27,1331460.576867416,,,,,,
2024-04-28,1331460.576867416,0.3,,,,,
2024-04-29,931622.965634131,0.3,122.69452690613909,,,,
2024-04-30,932419.6322680004,0.3,122.4501638682755,,,,
2024-05-01,928412.9771832519,,123.69448341056608,,,,
2024-05-02,1300860.2826682397,,,,,,
2024-05-03,1300860.2826682397,,,,,,
2024-05-04,1300860.2826682397,,,0.3,,,
2024-05-05,910211.9397829673,,,0.3,2715.7835287987855,0.3,
2024-05-06,522344.2127881085,0.3,,0.3,2684.3932320675453,0.3,6.136221248022742
2024-05-07,130242.47301273537,,124.95468043418204,0.3,2689.089012896637,,6.12241216508097
2024-05-08,916612.1153397716,,,0.3,2572.941056950137,,
2024-05-09,908230.830889974,,,,2629.5033187031945,,
2024-05-10,1281693.4764132376,,,0.3,,,
2024-05-11,896800.9254463424,,,0.3,2520.3726342240743,,
2024-05-12,885366.6008830932,,,0.3,2598.6009682013387,,
2024-05-13,884277.5162478874,,,0.3,2606.0827221022237,,
2024-05-14,880625.678646524,,,0.3,2631.519826122083,0.3,
2024-05-15,507153.2900360687,,,,2580.194819794313,,6.047912221917531
2024-05-16,1245294.7208018815,,,0.3,,0.3,
2024-05-17,497370.71148827154,,,0.3,2356.7272657805906,0.3,5.642774835648857
2024-05-18,496411.0902193107,0.3,,0.3,2336.307176062951,0.3,5.707253914761829
2024-05-19,127081.52731429052,0.3,123.68446807868969,0.3,2257.1704646834605,0.3,5.705901994797513
2024-05-20,128420.54860228383,0.3,123.37302179034005,0.3,2234.8407835349317,0.3,5.75783259181486
2024-05-21,126864.9538734325,0.3,123.92727882639274,0.3,2239.777962014385,0.3,5.742907515473349
2024-05-22,140863.5346683048,0.3,115.44485746157513,0.3,2264.367794662511,0.3,5.916792785365713
2024-05-23,139642.17539255886,0.3,110.57680483727505,0.3,2352.1794999636145,0.3,5.973637311457601
2024-05-24,138232.0593664298,0.3,110.95255689636441,0.3,2343.5215414671316,0.3,5.99580555729511
2024-05-25,137824.6623862401,0.3,109.29085607319833,0.3,2347.5044452995653,0.3,6.083786744345766
2024-05-26,135577.12957628243,0.3,109.1129091635704,0.3,2425.7810827425155,0.3,5.9344059304970065
2024-05-27,136421.72826000518,0.3,109.16161547275594,0.3,2431.0910126108,0.3,5.906636806581418
2024-05-28,135583.8356103779,0.3,106.3171179124848,0.3,2489.4092743976926,0.3,5.938302206592485
2024-05-29,138538.3781307904,0.3,106.73634746794157,0.3,2442.866661262527,0.3,5.986104835378229
2024-05-30,137037.54801562475,0.3,106.93262197917316,0.3,2437.294249364478,0.3,6.0107076411619955
2024-05-31,135670.62049965438,0.3,108.04026245634016,0.3,2418.2223285791392,0.3,6.016566484773482
2024-06-01,135529.91874908112,0.3,108.49220246466435,,2436.5885853605505,0.3,5.948866054556132
2024-06-02,539236.5446393766,0.3,107.57674566425557,,,0.3,5.992521051685194
2024-06-03,542325.3156975723,0.3,106.59498585803964,,,0.3,6.002157747292037
2024-06-04,540833.2253822798,0.3,107.28280736755303,,,0.3,5.985744991126284
2024-06-05,542733.6778002132,0.3,108.05640814153702,0.3,,0.3,5.9156620815281
2024-06-06,136755.66158214293,0.3,108.00382700257778,0.3,2395.618946180706,0.3,5.834024531083224
2024-06-07,138487.4093853975,0.3,107.4679732450247,,2393.956653756782,0.3,5.842819156287134
2024-06-08,547313.2787861191,,107.72166588445602,,,0.3,5.802242622132013
2024-06-09,941777.8902271487,,,,,0.3,5.822017096314902
2024-06-10,941713.1404460218,,,,,0.3,5.822950362306151
2024-06-11,943088.2196811897,,,,,0.3,5.8031873718787175
2024-06-12,942648.869754129,,,,,,5.809499005701621
2024-06-13,1333319.7401062618,,,,,,
2024-06-14,1333319.7401062618,,,,,,
2024-06-15,1333319.7401062618,,,,,,
2024-06-16,1333319.7401062618,,,,,,
2024-06-17,1333319.7401062618,,,,,,
2024-06-18,1333319.7401062618,,,,,,
2024-06-19,1333319.7401062618,,,,,,
2024-06-20,1333319.7401062618,,,,,,
2024-06-21,1333319.7401062618,,,,,,
2024-06-22,1333319.7401062618,,,,,,
2024-06-23,1333319.7401062618,,,,,,
2024-06-24,1333319.7401062618,,,,,,
2024-06-25,1333319.7401062618,,,,,,
2024-06-26,1333319.7401062618,,,,,,
2024-06-27,1333319.7401062618,,,,,,
2024-06-28,1333319.7401062618,,,0.3,,,
2024-06-29,932923.8221523514,,,,2671.804850001574,,
2024-06-30,1306682.519206707,,,,,,
2024-07-01,1306682.519206707,,,0.3,,,
2024-07-02,914285.7586889329,,,0.3,2673.7927435376746,,
2024-07-03,914534.1125068968,,,0.3,2672.097881028826,,
2024-07-04,928268.394072355,,,0.3,2582.8423483143697,,
2024-07-05,904401.2874018027,,,,2752.1356174645803,,
2024-07-06,1255909.9613607302,,,,,,
2024-07-07,1255909.9613607302,,,0.3,,,
2024-07-08,878760.1999641029,,,,2633.855158128843,,
2024-07-09,1225134.1706811977,,,0.3,,,
2024-07-10,857226.379225634,,,0.3,2628.8552866208643,,
2024-07-11,860314.6628356932,,,0.3,2606.9972993116876,,
2024-07-12,861336.5336861924,,,,2599.793315195407,,
2024-07-13,1213853.5993145856,,,0.3,,,
2024-07-14,849333.3634404156,,,0.3,2610.9993303729875,,
2024-07-15,853861.1075070449,0.3,,0.3,2579.0571472560077,0.3,
2024-07-16,122717.24053516262,0.3,114.13947188706805,0.3,2508.5019599640273,0.3,6.092403631025454
2024-07-17,131430.56576683823,0.3,113.20563532670248,0.3,2474.228998704571,0.3,6.092291985540412
2024-07-18,131491.1496509535,0.3,114.54276026001281,0.3,2456.115689268303,0.3,6.065144979052986
2024-07-19,129000.49977056865,0.3,114.26599455048567,0.3,2488.9044528721333,0.3,6.038957576935633
2024-07-20,130313.1265382487,0.3,114.10237639977044,0.3,2455.53729178675,0.3,6.110069512173361
2024-07-21,135248.17544362406,0.3,115.82477845813284,0.3,2399.453649366181,0.3,6.087541882775357
2024-07-22,136781.64591164273,0.3,116.66732397603683,0.3,2363.9245256766085,0.3,6.112265461632488
2024-07-23,140179.85962432268,0.3,118.95662487707065,0.3,2279.91911727362,0.3,6.1706171952200135
2024-07-24,137381.7375822238,0.3,119.83357379872632,0.3,2303.9730894852987,0.3,6.103488296608782
2024-07-25,135556.97692088241,0.3,116.7950201917633,0.3,2350.6896479112766,0.3,6.168706426058511
2024-07-26,134673.88376245095,,121.14294548059013,0.3,2269.3943508326925,0.3,6.181335600783034
2024-07-27,526042.351375899,,,0.3,2297.4095867423794,0.3,6.000502952178552
2024-07-28,541628.9161227255,,,0.3,2219.005694350501,0.3,5.982113870489918
2024-07-29,542363.2398392318,,,0.3,2211.6893223185352,0.3,5.991088537943489
2024-07-30,544085.4005803963,,,0.3,2206.8321630366445,0.3,5.978989655847868
2024-07-31,538511.100776925,,,0.3,2212.233586723533,0.3,6.047607086249052
2024-08-01,534049.1008978258,,,0.3,2235.6561768413967,,6.051552680699252
2024-08-02,915907.8130605887,,,,2287.1481079844207,,
2024-08-03,1298324.9807585601,,,,,,
2024-08-04,1298324.9807585601,,,,,,
2024-08-05,1298324.9807585601,,,,,,
2024-08-06,1298324.9807585601,,,,,,
2024-08-07,1298324.9807585601,,,,,,
2024-08-08,1298324.9807585601,,,,,,
2024-08-09,1298324.9807585601,,,,,,
2024-08-10,1298324.9807585601,,,,,,
2024-08-11,1298324.9807585601,,,,,,
2024-08-12,1298324.9807585601,,,,,,
2024-08-13,1298324.9807585601,,,,,,
2024-08-14,1298324.9807585601,,,,,,
2024-08-15,1298324.9807585601,,,,,,
2024-08-16,1298324.9807585601,,,,,,
2024-08-17,1298324.9807585601,,,,,,
2024-08-18,1298324.9807585601,,,,,,
2024-08-19,1298324.9807585601,,,,,,
2024-08-20,1298324.9807585601,,,,,,
2024-08-21,1298324.9807585601,,,,,,
2024-08-22,1298324.9807585601,0.3,,,,0.3,
2024-08-23,518550.99731496896,0.3,148.05793873558136,,,0.3,6.368913846540165
2024-08-24,516563.8352095634,0.3,147.7094924651305,0.3,,0.3,6.416901380176895
2024-08-25,133134.73973626364,0.3,145.03550894714158,0.3,2614.074055761059,0.3,6.256658663750325
2024-08-26,135576.69575270143,0.3,146.96547208997606,0.3,2531.909519331855,0.3,6.340723132202809
2024-08-27,134867.5102645671,0.3,147.34247218506385,0.3,2546.061739526314,0.3,6.300532557114753
2024-08-28,132567.31804249907,,148.3768722546073,,2531.3310413745817,,6.329737417015619
2024-08-29,1243696.1438599124,,,,,,
2024-08-30,1243696.1438599124,,,,,,
2024-08-31,1243696.1438599124,,,,,,
2024-09-01,1243696.1438599124,,,,,,
2024-09-02,1243696.1438599124,,,,,,
2024-09-03,1243696.1438599124,,,,,,
2024-09-04,1243696.1438599124,,,,,,
2024-09-05,1243696.1438599124,,,,,,
2024-09-06,1243696.1438599124,,,,,,
2024-09-07,1243696.1438599124,,,,,,
2024-09-08,1243696.1438599124,,,,,,
2024-09-09,1243696.1438599124,,,,,,
2024-09-10,1243696.1438599124,,,,,,
2024-09-11,1243696.1438599124,,,,,,
2024-09-12,1243696.1438599124,,,,,,
2024-09-13,1243696.1438599124,,,,,,
2024-09-14,1243696.1438599124,,,0.3,,0.3,
2024-09-15,496732.23985764896,,,0.3,2683.850033745715,0.3,6.167293388722654
2024-09-16,493923.91781529033,,,,2701.0212102412484,0.3,6.174802425237148
2024-09-17,849382.9453877273,,,,,0.3,6.158657822910549
2024-09-18,845528.2349436249,,,,,0.3,6.22480789608391
2024-09-19,854670.7061858786,,,0.3,,0.3,6.073074888105001
2024-09-20,491522.40407772525,0.3,,0.3,2746.1896520395767,0.3,5.973497805505649
2024-09-21,125597.44231164304,0.3,153.32378435856657,0.3,2645.403888104426,0.3,6.00456440950263
2024-09-22,128566.22822844278,0.3,150.59934190753478,0.3,2630.020757283047,0.3,6.103460858429786
2024-09-23,130152.4880476069,0.3,149.47377479359042,0.3,2613.3401114904027,0.3,6.164035222337022
2024-09-24,128569.85721699192,0.3,149.45870168603514,0.3,2666.976041433042,0.3,6.067299874626535
2024-09-25,129450.26795422974,0.3,146.73003242909536,0.3,2682.4468290830696,0.3,6.131852387606426
2024-09-26,132228.95153137684,0.3,149.53875352977582,0.3,2597.591981763162,0.3,6.17397367970722
2024-09-27,129224.29061538973,0.3,150.2641663815069,0.3,2620.0924717694033,0.3,6.139077373697756
2024-09-28,133227.06035435785,0.3,151.854246160384,0.3,2569.8749949175144,0.3,6.133096193695213
2024-09-29,135079.1014302928,0.3,150.40478816243808,0.3,2570.9265402118153,0.3,6.161706734330909
2024-09-30,134619.0798869696,0.3,150.96765403540155,0.3,2576.5242223596338,0.3,6.13243906366535
2024-10-01,134634.86906549527,0.3,151.9896531804984,0.3,2548.9414828380313,0.3,6.157292640361496
2024-10-02,130871.91278339889,,150.88701128609148,0.3,2574.5474324177044,,6.200206625354346
2024-10-03,874834.0887459763,,,,2585.7873995199616,,
2024-10-04,1236947.2718130862,,,,,,
2024-10-05,1236947.2718130862,,,,,,
2024-10-06,1236947.2718130862,,,,,,
2024-10-07,1236947.2718130862,,,,,,
2024-10-08,1236947.2718130862,,,,,,
2024-10-09,1236947.2718130862,,,,,,
2024-10-10,1236947.2718130862,,,,,,
2024-10-11,1236947.2718130862,,,,,,
2024-10-12,1236947.2718130862,,,,,,
2024-10-13,1236947.2718130862,,,,,0.3,
2024-10-14,865492.0060876166,,,0.3,,0.3,5.871006367440229
2024-10-15,493469.2653410137,0.3,,0.3,2506.9762660875263,0.3,5.8912131741728295
2024-10-16,127384.82599470287,0.3,145.77497347930975,0.3,2432.626322158973,0.3,5.801064905279476
2024-10-17,127291.01214574129,0.3,146.47347281558268,0.3,2467.7978704862494,0.3,5.693943766132798
2024-10-18,127545.93712484684,0.3,146.54791392817933,0.3,2480.239016054085,0.3,5.658847565353279
2024-10-19,126411.59927857907,0.3,145.54794136832365,0.3,2520.0490087948874,0.3,5.625294508569967
2024-10-20,128626.43652577065,0.3,146.0541312649527,0.3,2490.8013350352735,0.3,5.6395024938980285
2024-10-21,129887.68087054566,0.3,147.1599565554046,0.3,2438.882321414417,0.3,5.699333620324104
2024-10-22,133564.49164149052,0.3,145.89063541981344,0.3,2393.957270789583,0.3,5.805256004731438
2024-10-23,131142.55963827344,0.3,147.54541441042784,0.3,2367.963514848326,0.3,5.8396471566760315
2024-10-24,130863.08618827531,,149.69527969228392,0.3,2342.6149821165864,0.3,5.823009518711849
2024-10-25,518512.1025168751,0.3,,0.3,2277.7510903830157,0.3,5.837474762337701
2024-10-26,131615.61571676744,,156.1876420510372,0.3,2235.2488948902314,0.3,5.807533492848929
2024-10-27,507111.85587028856,,,0.3,2308.130701529582,0.3,5.706798022176512
2024-10-28,513743.2765987752,,,0.3,2255.0248584188566,0.3,5.743035449876507
2024-10-29,521072.06232095277,0.3,,0.3,2212.59002719732,0.3,5.745370361585412
2024-10-30,131346.39658935828,0.3,153.94312279672874,0.3,2217.0037556221996,0.3,5.6494416278398125
2024-10-31,134613.39488638466,0.3,153.0569054788771,0.3,2250.9423515439826,0.3,5.552742986269584
2024-11-01,133681.47550703638,,150.83031551379793,0.3,2293.626517257224,0.3,5.544099024095356
2024-11-02,515690.10220432124,,,0.3,2294.472574611475,0.3,5.506381112990766
2024-11-03,511794.67038046615,,,,2310.811631028565,0.3,5.523323953041361
2024-11-04,894872.3535122053,,,,,0.3,5.530564616405935
2024-11-05,892667.4929959644,,,,,,5.562591167944117
2024-11-06,1269711.9253445135,,,,,0.3,
2024-11-07,888417.4341635561,0.3,,0.3,,0.3,5.49088298889798
2024-11-08,129531.47076381254,0.3,143.65524453154006,0.3,2095.569579426091,0.3,5.174037481779987
2024-11-09,134915.74670968333,0.3,139.8175644407248,0.3,2061.710928685064,0.3,5.336789039076549
2024-11-10,136932.02826274486,0.3,138.70757433421218,0.3,2055.524652405485,0.3,5.369472393888891
2024-11-11,139286.61909022057,0.3,133.69163777608995,0.3,2090.8839499918686,0.3,5.450712456798353
2024-11-12,144196.873634084,0.3,135.9160277844652,0.3,2059.54147628149,0.3,5.383200833031334
2024-11-13,153689.90446648296,0.3,136.77154954158559,0.3,2076.0742430980226,0.3,5.2018951441640136
2024-11-14,149399.71111899352,0.3,138.19249338824983,0.3,2118.165776040301,0.3,5.096728141782054
2024-11-15,150592.1050026324,0.3,141.77148863604677,0.3,2100.2528890153885,0.3,4.999694059617287
2024-11-16,146091.34727886337,0.3,143.29056706392717,0.3,2091.418678812496,0.3,5.019131379644845
2024-11-17,150241.01095271818,0.3,145.88419683818137,0.3,2063.6496221314414,0.3,4.951920661171868
2024-11-18,150089.77203645153,0.3,143.7367889347878,0.3,2087.4749301208785,0.3,4.970969786075059
2024-11-19,153393.38106220524,0.3,149.66954245899308,0.3,1938.6954650282134,0.3,5.123554737915505
2024-11-20,156167.92459790828,0.3,146.0699547262807,0.3,1954.062651272422,0.3,5.179566521942716
2024-11-21,155231.00456454547,0.3,149.88814459176575,0.3,1959.9811007793426,0.3,5.045670965484507
2024-11-22,155245.99389788954,0.3,151.72706257604514,0.3,1978.076840082846,0.3,4.940232345955476
2024-11-23,165693.82834706747,0.3,148.1524310604298,0.3,1939.2376687593735,0.3,5.056919661683017
2024-11-24,165690.99454647745,0.3,149.37810428441617,0.3,1934.9843676999353,0.3,5.026670228652531
2024-11-25,165666.28665613467,0.3,146.45597324088124,0.3,1950.0133039301252,0.3,5.089036280683913
2024-11-26,164892.0817435929,0.3,147.1790378010322,0.3,1957.3460360291342,0.3,5.053109407901152
2024-11-27,159526.52723436317,0.3,140.20786092849977,0.3,2044.317843819143,0.3,5.1471701696620675
2024-11-28,157056.90491575343,0.3,141.72343202493295,0.3,2042.5400191594247,0.3,5.123609649785787
2024-11-29,165988.4693978493,0.3,136.3317529492587,0.3,2058.425739542366,0.3,5.19549917592758
2024-11-30,163973.23381152967,0.3,137.4638094918374,0.3,2070.6940160364247,0.3,5.143610977227516
2024-12-01,166280.69947830556,0.3,138.87777978244193,0.3,2050.217935590915,0.3,5.11881319537655
2024-12-02,166093.24038531698,0.3,134.5656505102636,0.3,2097.5420732238445,0.3,5.169447035377471
2024-12-03,166402.05394691834,0.3,134.64852534513366,,2108.299538299384,0.3,5.136835423424188
2024-12-04,649599.6804735267,0.3,133.81965084655073,,,0.3,5.0872226764367925
2024-12-05,648356.4244601511,0.3,134.53282857386878,,,0.3,5.073258642834194
2024-12-06,665912.6243779821,0.3,130.1390490018525,,,0.3,5.066043452957406
2024-12-07,659852.7611382923,0.3,130.7441638160064,,,0.3,5.104862352778215
2024-12-08,676721.1024184922,0.3,126.92422505853312,,,0.3,5.088722650130468
2024-12-09,676781.4178893326,0.3,127.0166976007007,,,0.3,5.084408839716963
2024-12-10,679777.6582044648,0.3,127.32724113198871,,,0.3,5.042422799274907
2024-12-11,657147.592757326,,132.77953937540045,,,,5.066771202848956
2024-12-12,1627347.0875353995,0.3,,,,0.3,
2024-12-13,649962.4267616387,0.3,127.40789430377623,,,0.3,4.827729307892409
2024-12-14,650909.2707243819,0.3,125.77049551842637,,,0.3,4.881698297774935
2024-12-15,654952.7521497414,0.3,125.73400061934733,,,0.3,4.8431971406887335
2024-12-16,653106.6772126511,0.3,126.56213427606406,,,0.3,4.829751868156601
2024-12-17,663474.713565222,0.3,125.68893557310213,,,0.3,4.763496096260963
2024-12-18,667879.9634138756,0.3,125.66059269692536,,,0.3,4.722983813057207
2024-12-19,663326.2719935661,,127.7941118178637,,,0.3,4.687517336542618
2024-12-20,1117089.859687476,,,,,,4.779802789247902
2024-12-21,1582472.4785061018,,,,,,
2024-12-22,1582472.4785061018,,,,,,
2024-12-23,1582472.4785061018,,,,,,
2024-12-24,1582472.4785061018,,,,,,
2024-12-25,1582472.4785061018,,,,,,
2024-12-26,1582472.4785061018,,,,,,
2024-12-27,1582472.4785061018,,,,,,
2024-12-28,1582472.4785061018,,,,,,
2024-12-29,1582472.4785061018,,,,,,
2024-12-30,1582472.4785061018,,,,,,
2024-12-31,1582472.4785061018,,,,,,
2025-01-01,1582472.4785061018,,,,,,
2025-01-02,1582472.4785061018,,,,,,
2025-01-03,1582472.4785061018,,,0.3,,,
2025-01-04,1107255.9932107194,0.3,,0.3,2279.1249956624724,0.3,
2025-01-05,159432.44340478,0.3,133.34208165129994,0.3,2207.4842783465206,0.3,4.901814433354918
2025-01-06,160670.37119263862,0.3,131.81751560453628,0.3,2224.7695808844155,0.3,4.907741079253561
2025-01-07,159741.01036865934,0.3,131.8061112844854,0.3,2245.663335394425,0.3,4.872198404221978
2025-01-08,163380.67698611508,,132.93197553172368,0.3,2246.259157381086,0.3,4.7945986385775194
2025-01-09,612279.588923253,,,0.3,2273.1110360948787,,4.73989729831304
2025-01-10,1057770.541630924,,,,2296.563355598495,,
2025-01-11,1482118.1429275726,,,,,,
2025-01-12,1482118.1429275726,,,,,,
2025-01-13,1482118.1429275726,,,,,,
2025-01-14,1482118.1429275726,,,,,,
2025-01-15,1482118.1429275726,,,,,0.3,
2025-01-16,1037038.0646064226,0.3,,0.3,,0.3,4.604717498690211
2025-01-17,149067.29588514165,,130.36033275361692,0.3,2185.6601187285796,0.3,4.47713284360201
2025-01-18,595338.493145222,0.3,,0.3,2116.2155870786305,0.3,4.468956780118954
2025-01-19,152028.61874191265,,131.70690439862312,0.3,2084.1032632233096,0.3,4.395786741758462
2025-01-20,636780.4929996354,,,0.3,1824.5481465325677,0.3,4.571481736562583
2025-01-21,624200.1750774673,,,0.3,1854.831887645503,0.3,4.620076010634748
2025-01-22,618317.6825560253,,,0.3,1914.9215884558412,0.3,4.535064504859486
2025-01-23,631606.3297348339,,,0.3,1892.360964718391,0.3,4.462951515861205
2025-01-24,632568.217126545,,,0.3,1843.4328834409455,0.3,4.574868473884086
2025-01-25,629812.8859531712,,,0.3,1866.1751281164081,0.3,4.54590165670379
2025-01-26,631739.2962187859,0.3,,0.3,1870.095550542224,0.3,4.518023414875829
2025-01-27,157966.46683683107,,143.22944797986537,0.3,1853.916441075628,0.3,4.538027841719078
2025-01-28,612522.053251587,,,0.3,1911.737145894731,0.3,4.480156321540522
2025-01-29,607566.1699757155,,,0.3,1939.8929302249269,0.3,4.463834376842393
2025-01-30,600141.4259277458,,,0.3,1982.3613977248076,0.3,4.441828086132693
2025-01-31,605272.4395236832,,,0.3,1989.6593382541892,0.3,4.376231168910893
2025-02-01,615064.1755924183,0.3,,0.3,1935.837217033153,0.3,4.405052281184403
2025-02-02,151030.50526040094,,137.68058292404245,,1960.9190909261238,,4.437022037284382
2025-02-03,1443218.9692457544,,,,,,
2025-02-04,1443218.9692457544,,,,,,
2025-02-05,1443218.9692457544,,,,,,
2025-02-06,1443218.9692457544,,,,,,
2025-02-07,1443218.9692457544,,,,,,
2025-02-08,1443218.9692457544,,,,,,
2025-02-09,1443218.9692457544,,,,,,
2025-02-10,1443218.9692457544,,,,,,
2025-02-11,1443218.9692457544,,,,,,
2025-02-12,1443218.9692457544,,,,,,
2025-02-13,1443218.9692457544,,,,,,
2025-02-14,1443218.9692457544,,,,,,
2025-02-15,1443218.9692457544,,,,,,
2025-02-16,1443218.9692457544,,,,,,
2025-02-17,1443218.9692457544,,,,,,
2025-02-18,1443218.9692457544,,,,,,
2025-02-19,1443218.9692457544,,,,,,
2025-02-20,1443218.9692457544,,,,,,
2025-02-21,1443218.9692457544,0.3,,,,0.3,
2025-02-22,576421.6563167542,,158.12978794932926,,,,4.404309611566629
2025-02-23,1420291.8393788906,0.3,,,,,
2025-02-24,993778.2000134097,0.3,154.19909121765767,,,,
2025-02-25,999995.1358344306,,151.99206242460664,,,,
2025-02-26,1381648.1924568086,,,,,,
2025-02-27,1381648.1924568086,,,,,,
2025-02-28,1381648.1924568086,,,,,,
2025-03-01,1381648.1924568086,,,,,,
2025-03-02,1381648.1924568086,,,,,,
2025-03-03,1381648.1924568086,,,0.3,,0.3,
2025-03-04,551830.2880672493,,,,2319.239340342099,,4.396886518380381
2025-03-05,1259929.1929857524,,,,,,
2025-03-06,1259929.1929857524,,,,,,
2025-03-07,1259929.1929857524,,,,,,
2025-03-08,1259929.1929857524,,,,,,
2025-03-09,1259929.1929857524,,,,,,
2025-03-10,1259929.1929857524,,,,,,
2025-03-11,1259929.1929857524,,,,,,
2025-03-12,1259929.1929857524,,,,,,
2025-03-13,1259929.1929857524,,,,,,
2025-03-14,1259929.1929857524,,,,,,
2025-03-15,1259929.1929857524,,,,,,
2025-03-16,1259929.1929857524,,,,,,
2025-03-17,1259929.1929857524,,,,,,
2025-03-18,1259929.1929857524,,,,,,
2025-03-19,1259929.1929857524,,,,,,
2025-03-20,1259929.1929857524,,,,,0.3,
2025-03-21,881572.4563321309,,,,,,4.3522909968931955
2025-03-22,1247770.562404121,,,,,,
2025-03-23,1247770.562404121,,,,,,
2025-03-24,1247770.562404121,,,0.3,,0.3,
2025-03-25,498359.562624206,0.3,,0.3,2817.697790917379,0.3,4.348516466427395
2025-03-26,127217.3411253076,0.3,183.95689734087824,0.3,2715.0634754829766,0.3,4.375533178889874
2025-03-27,127956.96617186454,0.3,185.80612392679137,0.3,2672.6898239574166,0.3,4.392865326409076
2025-03-28,125004.86542518254,0.3,186.64342695464006,0.3,2730.7148621209094,0.3,4.315582520090233
2025-03-29,125342.897805991,,187.67668054748404,,2716.282404857981,0.3,4.310827552752975
2025-03-30,837218.4391604194,,,,,,4.253668021565776
2025-03-31,1188426.2941535166,,,,,,
2025-04-01,1188426.2941535166,,,,,,
2025-04-02,1188426.2941535166,,,,,0.3,
2025-04-03,831541.8780192155,,,,,,4.186646191529314
2025-04-04,1176662.8861790553,,,,,,
2025-04-05,1176662.8861790553,,,,,,
2025-04-06,1176662.8861790553,,,,,,
2025-04-07,1176662.8861790553,,,,,,
2025-04-08,1176662.8861790553,,,,,,
2025-04-09,1176662.8861790553,,,,,,
2025-04-10,1176662.8861790553,,,,,,
2025-04-11,1176662.8861790553,,,,,,
2025-04-12,1176662.8861790553,,,,,0.3,
2025-04-13,823311.021459485,,,0.3,,0.3,4.231391363685597
2025-04-14,473299.55447039654,,,0.3,2686.3678241803477,0.3,4.165785456437901
2025-04-15,466834.20458377973,,,0.3,2727.297743333838,0.3,4.180163533979007
2025-04-16,469349.6603047596,,,0.3,2720.1462309509902,0.3,4.161337824773447
2025-04-17,464167.2244942337,,,0.3,2760.7399328084384,0.3,4.1620359359965455
2025-04-18,470576.2406550317,,,0.3,2687.4423090764267,0.3,4.20016893365097
2025-04-19,475893.0505940331,,,0.3,2647.0185549963194,0.3,4.201679857304128
2025-04-20,474262.99338778574,,,0.3,2653.47600346629,0.3,4.210709871759875
2025-04-21,481432.204453035,,,0.3,2581.7518390374553,0.3,4.244200122048906
2025-04-22,479542.5084187116,,,0.3,2608.8863905533353,0.3,4.222402901898565
2025-04-23,482133.5180565828,0.3,,0.3,2647.79998518182,0.3,4.131920557517773
2025-04-24,125815.83466568601,0.3,215.60237158637895,0.3,2545.044147098544,0.3,4.052221105449904
2025-04-25,127696.43789046095,0.3,213.42544292976675,0.3,2535.5110472520623,0.3,4.089138201084289
2025-04-26,127636.93553251769,0.3,216.39553370081293,0.3,2510.2732728116484,0.3,4.074699780938931
2025-04-27,127794.21182139737,0.3,214.84479288774926,0.3,2542.18269143841,0.3,4.05132461070127
2025-04-28,128158.1850809906,0.3,211.17024858710593,0.3,2576.823256722709,0.3,4.063422766133691
2025-04-29,126862.71827703026,0.3,212.47160250725315,0.3,2572.1312564376617,0.3,4.059745614723067
2025-04-30,127521.50496890416,0.3,212.55937052368992,0.3,2587.806888074259,0.3,4.026698353966447
2025-05-01,126775.93953598102,0.3,211.55785820246876,0.3,2599.7323138564266,0.3,4.035154635918789
2025-05-02,126974.29193824233,0.3,212.38502326491906,0.3,2581.93060679224,0.3,4.045130446325743
2025-05-03,129713.02569898216,0.3,211.71171682247848,0.3,2579.6969557668804,0.3,4.033036699429417
2025-05-04,129226.44869393109,0.3,210.4618483379679,0.3,2618.9734147202557,0.3,4.001695534556327
2025-05-05,128290.08108546991,0.3,209.91267124477594,0.3,2623.400364442893,0.3,4.015162234852389
2025-05-06,126411.69247452015,0.3,209.65882506766886,0.3,2634.7328943189937,0.3,4.022624902719424
2025-05-07,127561.09088499598,0.3,210.25442792724172,0.3,2608.390074054122,0.3,4.039777575533023
2025-05-08,128381.58440432652,0.3,211.98586448751033,0.3,2622.2228699998914,0.3,3.9777167373657
2025-05-09,128454.74075362869,0.3,212.78283158172172,0.3,2615.8912016676395,0.3,3.9716698459663307
2025-05-10,143787.08358694694,0.3,195.49966077051036,0.3,2624.0055792901117,0.3,4.179132765790062
2025-05-11,148556.77678557628,0.3,190.0937305060275,0.3,2580.178261200904,0.3,4.329113186425317
2025-05-12,155189.06011709146,0.3,180.27859978405021,0.3,2617.905901683049,0.3,4.44329130851403
2025-05-13,152442.94451381356,0.3,181.88666340965514,0.3,2640.696237559536,0.3,4.3927906825577345
2025-05-14,151784.02384280923,0.3,182.48276958680583,0.3,2613.8336304307813,0.3,4.430160999002059
2025-05-15,158193.8936800424,0.3,177.13929192166685,0.3,2583.3029933926873,0.3,4.55970190820783
2025-05-16,154855.67445179154,0.3,178.03277967529735,0.3,2630.4763285596136,0.3,4.488752736619236
2025-05-17,151912.03304156102,0.3,178.83809792007904,0.3,2694.5178621953023,0.3,4.392717331699146
2025-05-18,151115.94326779776,0.3,178.68980132878565,0.3,2708.239254688599,0.3,4.381810868831257
2025-05-19,149456.9891444456,0.3,181.1662538080173,0.3,2702.1983395404177,0.3,4.348078851144432
2025-05-20,153294.59032640426,0.3,184.13947313325664,0.3,2654.0097547495784,0.3,4.32053954947643
2025-05-21,151760.0586809642,0.3,180.1128567003448,0.3,2728.7739648495267,0.3,4.313104339655756
2025-05-22,152721.76049466745,0.3,181.5194197070817,0.3,2717.7739091719577,0.3,4.288156232049744
2025-05-23,155747.60370807373,0.3,183.174147533203,0.3,2692.6199633231167,0.3,4.26176793670664
2025-05-24,160356.0861745437,0.3,180.54159179933814,0.3,2677.6084360576137,0.3,4.307331703468629
2025-05-25,154454.29066905944,0.3,183.41477548057452,0.3,2663.19307076297,0.3,4.317955165208232
2025-05-26,155220.93865250287,0.3,184.0321183693717,0.3,2647.8461897838197,0.3,4.3213482986143585
2025-05-27,156106.29184523958,0.3,183.57469772716593,0.3,2664.8047508240984,0.3,4.296526386420801
2025-05-28,156299.60419537887,0.3,182.90601465641694,0.3,2680.7463169008206,0.3,4.284891288560952
2025-05-29,158329.54768978368,0.3,178.53669923302357,,2688.1634329216085,0.3,4.36075102942291
2025-05-30,627552.443441423,0.3,175.64750190098863,,,,4.370108853077561
2025-05-31,1085367.1460067981,,176.84816038603907,,,,
2025-06-01,1532584.0894622628,,,,,,
2025-06-02,1532584.0894622628,,,,,,
2025-06-03,1532584.0894622628,0.3,,,,,
2025-06-04,1072349.0873967453,0.3,176.33340260285107,,,,
2025-06-05,1070748.7352264188,0.3,176.94988451108034,,,,
2025-06-06,1072522.4031371085,,176.26903279592116,,,,
2025-06-07,1497613.86015588,,,,,,
2025-06-08,1497613.86015588,,,,,,
2025-06-09,1497613.86015588,,,,,,
2025-06-10,1497613.86015588,0.3,,,,0.3,
2025-06-11,598146.9757462586,0.3,167.6352183257962,0.3,,0.3,4.074658430724332
2025-06-12,151482.01307350787,0.3,161.86638193294866,,2760.9138565544035,0.3,4.134070294376096
2025-06-13,597037.7622758729,0.3,161.68018733981773,,,,4.124554974712707
2025-06-14,1021660.0664201874,,165.75940193927474,,,,
2025-06-15,1448757.523613305,,,,,,
2025-06-16,1448757.523613305,,,,,,
2025-06-17,1448757.523613305,,,,,0.3,
2025-06-18,1013695.6392722295,,,,,,4.0697519994404345
2025-06-19,1438767.4827135692,,,,,,
2025-06-20,1438767.4827135692,,,,,,
2025-06-21,1438767.4827135692,,,,,,
2025-06-22,1438767.4827135692,,,,,,
2025-06-23,1438767.4827135692,,,,,,
2025-06-24,1438767.4827135692,,,,,0.3,
2025-06-25,1006705.6076546843,,,,,0.3,4.097731985136042
2025-06-26,1008981.4387744807,,,,,0.3,4.076257203794777
2025-06-27,1012566.926038928,,,,,0.3,4.042820866101815
2025-06-28,1011453.2067108346,,,,,0.3,4.0532242067393565
2025-06-29,1011738.4436254979,,,0.3,,0.3,4.050556958753915
2025-06-30,578105.4679302343,0.3,,0.3,2878.6908516118997,0.3,4.04397059367377
2025-07-01,145323.60520862363,0.3,174.91272991171454,0.3,2852.188634281986,0.3,4.035714038403711
2025-07-02,145394.60878524953,,175.5063417822324,0.3,2817.566990900535,0.3,4.071208208960476
2025-07-03,564183.496919301,0.3,,0.3,2883.2745491486985,0.3,4.007021004461571
2025-07-04,143497.71071450046,0.3,167.99785241796314,0.3,2835.719388821854,0.3,3.967156240013256
2025-07-05,144554.19265110858,0.3,167.3609293445983,0.3,2846.574768846435,0.3,3.9574447234241736
2025-07-06,141194.64444995506,0.3,168.90333695221466,0.3,2868.280349412834,0.3,3.922945538885708
2025-07-07,141387.54285709406,0.3,168.56047548930556,0.3,2874.747067360077,0.3,3.920298703783867
2025-07-08,143921.86719013695,0.3,167.99086489467237,0.3,2843.3776784664756,0.3,3.954030281983709
2025-07-09,142237.970060837,0.3,167.85160578978102,0.3,2866.0698995536954,0.3,3.9415995487397475
2025-07-10,144516.02792441566,0.3,165.78929283954992,0.3,2858.521024756502,0.3,3.980614555210416
2025-07-11,149511.62342306448,0.3,162.01764660166944,0.3,2856.1361533343393,0.3,4.0328023560215644
2025-07-12,156476.27134357215,0.3,159.0694538402788,0.3,2856.813055479499,0.3,4.046720653589534
2025-07-13,156796.75933251495,0.3,159.02225060729765,0.3,2887.4368465766147,0.3,4.002642618487572
2025-07-14,155878.3016392564,0.3,158.88818976807823,0.3,2910.1060059116094,0.3,3.9827459229182156
2025-07-15,157129.2776467122,0.3,158.61423196301791,0.3,2925.26390519605,0.3,3.9585148012235534
2025-07-16,158398.77548317626,0.3,157.68770386737893,0.3,2929.592741026965,0.3,3.965325528413109
2025-07-17,160026.9839522536,0.3,153.02120281563944,0.3,2928.193864387804,0.3,4.07755650412385
2025-07-18,166762.8851108211,0.3,148.42988409482152,0.3,2882.208952375696,0.3,4.2182184840899914
2025-07-19,169233.3928153656,0.3,146.0340082329196,0.3,2886.8699757531745,0.3,4.260388405170756
2025-07-20,170122.49554469687,0.3,143.90465300610563,0.3,2879.1645087571655,0.3,4.328335441172592
2025-07-21,170651.17366133057,0.3,142.5338116348737,0.3,2893.040898801618,0.3,4.344716712910447
2025-07-22,174021.6199003339,0.3,138.9923229416145,0.3,2877.816658407919,0.3,4.452740156986294
2025-07-23,178234.0664000673,0.3,142.1622068179869,0.3,2732.7800957370473,0.3,4.5566372987905845
2025-07-24,181922.22810497036,0.3,145.70928323123152,0.3,2653.6586112796617,0.3,4.550541148534048
2025-07-25,175320.08059341917,0.3,144.99431464304232,0.3,2777.6211430480384,0.3,4.4299355614877935
2025-07-26,174471.84978904141,0.3,141.22292233430073,0.3,2862.5672084104694,0.3,4.423711213630248
2025-07-27,175525.05611157027,0.3,141.37556982143025,0.3,2819.9183516780217,0.3,4.47751418158288
2025-07-28,175369.5985170242,0.3,140.63657993915024,0.3,2845.6754417246034,0.3,4.461812801403595
2025-07-29,178942.99539152315,0.3,138.6490546936083,0.3,2845.973323794812,0.3,4.4957658350737075
2025-07-30,175744.6835557358,0.3,138.7903948302406,0.3,2879.6542456803345,,4.465986341488658
2025-07-31,700118.7023745503,0.3,138.51243064786962,,2895.7242306904914,,
2025-08-01,1219317.062325227,0.3,137.21448598461816,,,,
2025-08-02,1208742.2470331881,,140.07093199162193,,,,
2025-08-03,1696850.470423952,,,,,,
2025-08-04,1696850.470423952,,,,,,
2025-08-05,1696850.470423952,0.3,,,,,
2025-08-06,1187286.274155639,,136.80637208462943,,,,
2025-08-07,1680938.1135396718,0.3,,,,,
2025-08-08,1176152.3980437084,0.3,136.90985174743366,,,0.3,
2025-08-09,684069.0406067269,0.3,131.30790297253566,,,,4.370856007926035
2025-08-10,1203842.2293776753,0.3,128.7327792380648,0.3,,,
2025-08-11,700381.4994726323,0.3,123.38492220827301,0.3,2921.1906370114343,0.3,
2025-08-12,175308.59574655961,0.3,124.10914612213269,,2887.917388228918,0.3,4.422139041705346
2025-08-13,691159.4116458715,0.3,122.83442674819364,0.3,,0.3,4.370834252748557
2025-08-14,177439.12832187896,0.3,116.33450095191685,0.3,2784.772611378836,0.3,4.445331370237698
2025-08-15,183910.76663999507,0.3,116.17973197510935,0.3,2738.194554689418,0.3,4.47481559650211
2025-08-16,176843.24693096976,0.3,116.6856411052051,0.3,2756.6814073712276,0.3,4.484978246789371
2025-08-17,173292.31265286283,0.3,117.11434517273344,0.3,2799.6641447886855,0.3,4.430855738311753
2025-08-18,174195.80031410378,0.3,118.18948585623909,0.3,2756.3625587993197,0.3,4.452470476423063
2025-08-19,175191.9822958115,0.3,117.52149800979673,0.3,2751.8119269445037,,4.476777335476149
2025-08-20,681786.5410150344,0.3,118.65087000188055,,2797.3107947350845,,
2025-08-21,1160302.9813748165,0.3,122.06604283967695,0.3,,,
2025-08-22,675311.0591955392,0.3,116.89611305052883,0.3,2696.8889388691173,,
2025-08-23,662179.3881455106,0.3,117.54062503979823,0.3,2754.5444903899247,0.3,
2025-08-24,177709.4555850753,0.3,110.69501275116909,0.3,2665.2350605387032,,4.574177591215998
2025-08-25,710975.368601224,0.3,111.6773260962495,0.3,2613.9551313575594,,
2025-08-26,713298.7296881462,0.3,111.91647101027746,0.3,2597.10419779657,,
2025-08-27,675648.8537410543,0.3,115.80099917290835,0.3,2707.221768759683,,
2025-08-28,695426.5189096234,0.3,113.3724621551888,0.3,2663.1846873852514,,
2025-08-29,698713.1025114593,0.3,116.28371890263455,0.3,2582.1975962237057,,
2025-08-30,710768.0183567224,,118.17206769689334,0.3,2486.1160895563366,,
2025-08-31,1214601.8023870445,,,0.3,2539.222433017959,,
2025-09-01,1210507.4369923654,,,0.3,2559.401392964386,,
2025-09-02,1206778.4471016363,,,0.3,2577.970153390918,,
2025-09-03,1200818.5216837984,,,0.3,2608.1443436675713,,
2025-09-04,1223290.435800343,0.3,,0.3,2500.8441691275953,,
2025-09-05,699630.2458686384,,117.99185167661193,0.3,2491.426678175805,,
2025-09-06,1197024.701616069,,,0.3,2536.732972594735,,
2025-09-07,1199042.032356298,,,0.3,2526.80353295859,,
2025-09-08,1193376.9442166216,,,0.3,2555.0766446273474,,
2025-09-09,1204420.8628277127,,,0.3,2501.5027495089234,0.3,
2025-09-10,695471.4504655218,,,0.3,2438.0238378754266,0.3,4.658048722405708
2025-09-11,697848.9919263769,,,0.3,2409.512200970452,0.3,4.692166881967674
2025-09-12,708966.3226057632,0.3,,0.3,2373.172784488776,0.3,4.6659625157834
2025-09-13,178517.53376836586,0.3,120.4768952742309,0.3,2348.5594998556603,0.3,4.651658322100068
2025-09-14,185432.39028489788,0.3,118.08133681320838,0.3,2297.539794184577,0.3,4.795492698885864
2025-09-15,184915.70545716546,0.3,118.88208456221066,0.3,2288.835697503154,0.3,4.785854001327212
2025-09-16,183265.67952595043,0.3,119.40827888437465,0.3,2293.2764530775075,0.3,4.769866679050118
2025-09-17,181084.13083957258,0.3,120.09980143366691,0.3,2318.6253281999325,0.3,4.710027441510486
2025-09-18,182106.46431628306,0.3,121.3776091451011,0.3,2305.6929138173673,0.3,4.678156256828624
2025-09-19,184835.73574046773,0.3,120.80808425348452,0.3,2265.04801545054,0.3,4.762436841693166
2025-09-20,185714.92207416415,0.3,121.44863325124571,0.3,2251.1719426172076,0.3,4.759103529626889
2025-09-21,181554.42139288204,0.3,121.89735512096486,0.3,2283.609130344776,0.3,4.710698102230217
2025-09-22,181952.1307498037,,121.83326759596916,0.3,2279.3678772532758,0.3,4.718503034778948
2025-09-23,721660.2244069094,,,,2293.594982287033,,4.700552282898042
2025-09-24,1755632.4923756882,,,,,,
2025-09-25,1755632.4923756882,,,,,,
2025-09-26,1755632.4923756882,,,,,,
2025-09-27,1755632.4923756882,,,,,,
2025-09-28,1755632.4923756882,,,,,,
2025-09-29,1755632.4923756882,,,,,,
2025-09-30,1755632.4923756882,,,,,0.3,
2025-10-01,1228416.054915269,,,,,,4.607476832671614
2025-10-02,1753368.4144000097,0.3,,,,0.3,
2025-10-03,700295.344711364,0.3,120.97675276184896,0.3,,0.3,4.435351903294317
2025-10-04,177194.87872493744,0.3,118.90602927440578,0.3,2271.518494976462,0.3,4.423953643458385
2025-10-05,178331.92806133867,0.3,118.55756493441638,0.3,2297.8700316217823,0.3,4.3772099485408145
2025-10-06,176951.0120581037,0.3,118.31374745661519,0.3,2329.9075401645123,0.3,4.337678157806204
2025-10-07,177917.2865088584,0.3,118.23756860471441,0.3,2335.3264159134023,0.3,4.322579933458333
2025-10-08,181304.07439775584,0.3,116.13127338250382,,2341.1284490130856,0.3,4.363609693392756
2025-10-09,696380.9749323971,0.3,117.51729180570578,0.3,,0.3,4.307829279680012
2025-10-10,175406.05104935705,0.3,116.62757563507856,0.3,2304.605420569936,0.3,4.280600645692026
2025-10-11,171462.4122005746,,117.77164443444187,,2328.5074050166086,,4.228398400067167
2025-10-12,1536744.2979462184,,,,,,
2025-10-13,1536744.2979462184,,,,,,
2025-10-14,1536744.2979462184,,,,,,
2025-10-15,1536744.2979462184,,,,,,
2025-10-16,1536744.2979462184,,,,,,
2025-10-17,1536744.2979462184,,,,,,
2025-10-18,1536744.2979462184,,,,,,
2025-10-19,1536744.2979462184,,,,,,
2025-10-20,1536744.2979462184,,,,,,
2025-10-21,1536744.2979462184,,,,,,
2025-10-22,1536744.2979462184,,,,,,
2025-10-23,1536744.2979462184,,,,,,
2025-10-24,1536744.2979462184,,,,,,
2025-10-25,1536744.2979462184,,,,,,
2025-10-26,1536744.2979462184,,,,,,
2025-10-27,1536744.2979462184,0.3,,0.3,,0.3,
2025-10-28,152291.3599264705,0.3,110.86394812370168,0.3,2304.7707453747253,0.3,4.024316330496567
2025-10-29,152622.95390594282,,111.13074301959,0.3,2304.244597923508,0.3,4.012671068009648
2025-10-30,597652.0463355739,,,0.3,2310.3363625758957,,3.973260627441725
2025-10-31,1037482.2440549806,,,,2294.2077270406767,,
2025-11-01,1460775.757532508,,,,,,
2025-11-02,1460775.757532508,,,,,,
2025-11-03,1460775.757532508,,,,,0.3,
2025-11-04,1022104.7975454959,,,,,,3.964447274310216
2025-11-05,1444225.1243470963,,,,,,
2025-11-06,1444225.1243470963,,,,,,
2025-11-07,1444225.1243470963,,,,,,
2025-11-08,1444225.1243470963,,,,,,
2025-11-09,1444225.1243470963,,,,,,
2025-11-10,1444225.1243470963,,,,,,
2025-11-11,1444225.1243470963,,,,,,
2025-11-12,1444225.1243470963,,,,,,
2025-11-13,1444225.1243470963,,,,,,
2025-11-14,1444225.1243470963,,,,,,
2025-11-15,1444225.1243470963,,,,,,
2025-11-16,1444225.1243470963,,,,,,
2025-11-17,1444225.1243470963,,,,,,
2025-11-18,1444225.1243470963,,,,,,
2025-11-19,1444225.1243470963,,,,,,
2025-11-20,1444225.1243470963,,,,,,
2025-11-21,1444225.1243470963,,,,,,
2025-11-22,1444225.1243470963,,,,,,
2025-11-23,1444225.1243470963,,,,,,
2025-11-24,1444225.1243470963,,,,,,
2025-11-25,1444225.1243470963,,,,,,
2025-11-26,1444225.1243470963,,,,,,
2025-11-27,1444225.1243470963,,,,,,
2025-11-28,1444225.1243470963,,,,,,
2025-11-29,1444225.1243470963,,,,,,
2025-11-30,1444225.1243470963,,,,,,
2025-12-01,1444225.1243470963,,,,,,
2025-12-02,1444225.1243470963,,,,,,
2025-12-03,1444225.1243470963,0.3,,0.3,,0.3,
2025-12-04,143122.70982279733,0.3,144.61195079505697,0.3,3124.4504436804536,0.3,4.7466869733836035
2025-12-05,149950.1962584618,0.3,141.10874366054387,0.3,3109.903212387354,0.3,4.8154759474163615
2025-12-06,146765.90427298614,0.3,140.53617308628478,,3167.659797548602,,4.782207174013421
2025-12-07,993741.2059866706,0.3,141.0609672200775,,,,
2025-12-08,995603.1636057725,0.3,140.44747656992712,,,0.3,
2025-12-09,569711.3681093199,0.3,139.7468587756233,,,0.3,4.730397954526838
2025-12-10,574007.9263693907,0.3,137.80083226388402,0.3,,0.3,4.749985282536727
2025-12-11,146687.51649783313,0.3,133.04175808235544,0.3,3201.8415595743404,0.3,4.763093832093741
2025-12-12,146343.03683290433,0.3,132.0790756282871,0.3,3222.1440038940104,0.3,4.771477451389669
2025-12-13,145472.23682185877,0.3,134.82119126789897,,3199.6730494095723,,4.717884041405293
2025-12-14,986497.4617732416,0.3,137.17044856664722,,,,
2025-12-15,989610.6927259299,,136.16990037890514,,,,
2025-12-16,1406348.6643811357,,,,,,
2025-12-17,1406348.6643811357,,,,,,
2025-12-18,1406348.6643811357,,,,,,
2025-12-19,1406348.6643811357,,,,,,
2025-12-20,1406348.6643811357,,,,,,
2025-12-21,1406348.6643811357,,,,,,
2025-12-22,1406348.6643811357,,,,,,
2025-12-23,1406348.6643811357,,,,,,
2025-12-24,1406348.6643811357,,,,,,
2025-12-25,1406348.6643811357,,,,,,
2025-12-26,1406348.6643811357,,,,,,
2025-12-27,1406348.6643811357,,,,,,
2025-12-28,1406348.6643811357,,,,,,
2025-12-29,1406348.6643811357,,,,,,
2025-12-30,1406348.6643811357,,,,,,
2025-12-31,1406348.6643811357,,,,,0.3,
2026-01-01,984022.1604674808,0.3,,,,,4.768064816431401
2026-01-02,980515.6651790398,0.3,141.53092295522652,0.3,,0.3,
2026-01-03,139723.24782467162,0.3,140.37409095988158,0.3,3322.9093052309904,0.3,4.74690405772909
2026-01-04,144503.43170635353,0.3,138.7197024230312,0.3,3277.614754440152,0.3,4.817625404053294
2026-01-05,145199.90444892627,0.3,139.3020157836119,0.3,3266.1974768643936,0.3,4.806601756516729
2026-01-06,146125.17270991593,0.3,139.4030389226235,0.3,3268.581427414273,0.3,4.78950464196545
2026-01-07,149597.54172483282,0.3,139.16416921233957,0.3,3254.3183292829253,0.3,4.781636851704457
2026-01-08,151563.69858729764,0.3,137.93123418525673,0.3,3223.2480555210814,0.3,4.850620740247853
2026-01-09,147134.16778556118,0.3,139.30743392456196,0.3,3236.5001093890196,0.3,4.831503579328086
2026-01-10,146774.67331434254,0.3,141.75025688256292,0.3,3182.5529820631186,0.3,4.833917020727379
2026-01-11,145534.235801084,0.3,141.37500175883645,0.3,3211.404237017479,0.3,4.817038916900289
2026-01-12,145414.8802628087,0.3,141.3299476342531,0.3,3211.2326258466496,0.3,4.820146984168961
2026-01-13,147402.28235954564,0.3,141.5862177314485,0.3,3165.859219526165,0.3,4.859038745680086
2026-01-14,146999.29710469485,0.3,142.45810101832456,0.3,3167.9810714609157,0.3,4.830591537565415
2026-01-15,154255.44645448824,0.3,139.1563616046861,0.3,3180.390320225471,0.3,4.850550766996791
2026-01-16,155790.4365014287,0.3,139.3130136974035,0.3,3185.985103972179,0.3,4.820788220741058
2026-01-17,153263.83132706792,0.3,138.55442689107596,0.3,3228.8502066825245,0.3,4.809596480910005
2026-01-18,153727.18027768508,0.3,139.92135097593768,0.3,3183.022597114219,0.3,4.826953737572928
2026-01-19,153364.9313129827,0.3,138.98388012157304,0.3,3201.241884060686,0.3,4.83578822389468
2026-01-20,150396.40594204026,0.3,137.40382703432567,,3272.935993923817,0.3,4.817172419867756
2026-01-21,588200.9826544045,,138.41541014981007,,,,4.766053491190844
2026-01-22,1415748.22659365,,,,,,
2026-01-23,1415748.22659365,,,,,,
2026-01-24,1415748.22659365,,,,,,
2026-01-25,1415748.22659365,,,,,,
2026-01-26,1415748.22659365,,,,,,
2026-01-27,1415748.22659365,,,,,,
2026-01-28,1415748.22659365,,,,,,
2026-01-29,1415748.22659365,,,,,,
2026-01-30,1415748.22659365,,,,,,
2026-01-31,1415748.22659365,,,,,,
2026-02-01,1415748.22659365,,,,,,
2026-02-02,1415748.22659365,,,,,,
2026-02-03,1415748.22659365,,,,,,
2026-02-04,1415748.22659365,,,,,,
2026-02-05,1415748.22659365,,,,,,
2026-02-06,1415748.22659365,,,,,,
2026-02-07,1415748.22659365,,,,,,
2026-02-08,1415748.22659365,,,,,,
2026-02-09,1415748.22659365,,,,,,
2026-02-10,1415748.22659365,,,,,,
2026-02-11,1415748.22659365,,,,,,
2026-02-12,1415748.22659365,,,,,,
2026-02-13,1415748.22659365,,,,,,
2026-02-14,1415748.22659365,,,,,,
2026-02-15,1415748.22659365,,,,,,
2026-02-16,1415748.22659365,,,,,,
2026-02-17,1415748.22659365,,,,,,
2026-02-18,1415748.22659365,,,,,,
2026-02-19,1415748.22659365,,,,,,
2026-02-20,1415748.22659365,,,,,,
2026-02-21,1415748.22659365,,,,,,
2026-02-22,1415748.22659365,,,,,,
2026-02-23,1415748.22659365,,,,,,
2026-02-24,1415748.22659365,,,,,,
2026-02-25,1415748.22659365,,,,,,
2026-02-26,1415748.22659365,0.3,,0.3,,,
2026-02-27,565449.8417015037,0.3,206.4294535110525,0.3,4823.67351797174,,
2026-02-28,559363.7346442044,,206.90017650251687,,4883.335387267111,,
2026-03-01,1357501.17802491,,,0.3,,,
2026-03-02,949843.5742640295,,,0.3,4828.101491103393,,
2026-03-03,947462.4212431697,0.3,,0.3,4856.5523250855495,0.3,
2026-03-04,135996.96368956869,0.3,202.47457910721477,0.3,4737.2740803023235,0.3,5.963743041591789
2026-03-05,135695.39237984066,0.3,205.32436132951648,0.3,4680.606957990528,0.3,5.957434551436176
2026-03-06,143051.31994615385,0.3,201.7597989835283,0.3,4723.746293302506,0.3,5.9064077127597
2026-03-07,139932.54797271785,,202.52548128259406,0.3,4728.621273477671,0.3,5.921863876845019
2026-03-08,537394.2119425962,,,,4762.64456780981,,5.921664287611303
2026-03-09,1331255.1928745073,,,,,,
2026-03-10,1331255.1928745073,0.3,,0.3,,0.3,
2026-03-11,131927.38961386378,0.3,200.3926620738049,0.3,4701.313386811325,0.3,5.836094896722653
2026-03-12,135193.2961650499,0.3,199.16563681682746,0.3,4722.878811705207,0.3,5.798551848232849
2026-03-13,135976.67975047952,0.3,198.8030839045309,0.3,4711.688029890422,0.3,5.811755976941181
2026-03-14,136724.8622879953,0.3,197.8213484645704,0.3,4723.99559526346,0.3,5.814810498086386
2026-03-15,137952.70595121325,0.3,197.8149307427222,0.3,4694.004503993014,0.3,5.83491220832981
2026-03-16,138135.5158938986,0.3,197.7015324032914,0.3,4707.110659664738,0.3,5.819444750503353
2026-03-17,142691.1422704929,0.3,196.5364299862008,0.3,4637.77877883813,0.3,5.879446238965679
2026-03-18,149128.86835697063,0.3,190.1669591901727,0.3,4651.805104870122,0.3,5.975283501826829
2026-03-19,147153.16656466408,0.3,190.5023864759115,0.3,4666.170544329826,0.3,5.973077768709578
2026-03-20,141265.38206167423,0.3,192.35097913490773,0.3,4705.497998105535,,5.948698173357774
2026-03-21,554292.282243843,0.3,194.60783555622143,0.3,4679.825974929399,0.3,
2026-03-22,138823.84515397655,,194.6376085435847,,4649.228506660602,,5.924391856308853
2026-03-23,1358732.80268709,,,,,,
2026-03-24,1358732.80268709,0.3,,0.3,,0.3,
2026-03-25,134650.4207462907,0.3,189.41178108899675,0.3,4457.784666697983,0.3,5.74869878327632
2026-03-26,135339.95130492974,0.3,188.3073466777557,0.3,4471.7185890979235,0.3,5.754688339460027
2026-03-27,136433.01801265337,,188.70620316877825,,4463.5501210958055,,5.737698838318711
2026-03-28,1305135.6234073369,,,,,,
2026-03-29,1305135.6234073369,,,,,,
2026-03-30,1305135.6234073369,,,,,,
2026-03-31,1305135.6234073369,,,,,,
2026-04-01,1305135.6234073369,,,,,,
2026-04-02,1305135.6234073369,0.3,,,,,
2026-04-03,913203.3956981136,,182.93301056259455,,,,
2026-04-04,1289153.1877439215,,,,,,
2026-04-05,1289153.1877439215,,,,,,
2026-04-06,1289153.1877439215,0.3,,,,0.3,
2026-04-07,514887.7831849223,0.3,183.27716280759597,,,0.3,5.602238747152151
2026-04-08,514726.2180846842,0.3,183.20631770612613,0.3,,0.3,5.606746676078266
2026-04-09,132421.97426396108,0.3,177.90604580518624,,4657.682734604192,0.3,5.540711186403244
2026-04-10,519752.2756952268,0.3,178.13047180977648,,,0.3,5.489040653040403
2026-04-11,521570.2484691666,0.3,178.6074293985162,0.3,,0.3,5.449110539443515
2026-04-12,131611.12782997242,0.3,176.4055077033459,0.3,4668.642590029401,0.3,5.4279912899615725
2026-04-13,132764.61077561352,0.3,174.3190164346044,,4689.415365014164,0.3,5.453200176478834
2026-04-14,512794.6838740295,0.3,175.61534080109456,0.3,,0.3,5.440727813276413
2026-04-15,132958.76576819015,0.3,168.8734530431936,0.3,4625.348232230915,0.3,5.376909960642671
2026-04-16,131086.54000981819,0.3,169.34647142741653,0.3,4697.766405215794,0.3,5.305393260475444
2026-04-17,132643.43432574262,0.3,168.6234664619467,0.3,4687.176047230415,0.3,5.319359646028906
2026-04-18,134555.62805106892,0.3,171.94027073747037,0.3,4533.384932526329,0.3,5.372192299729573
2026-04-19,136677.88092017482,0.3,169.52708000439557,0.3,4619.646525160297,0.3,5.32081644386748
2026-04-20,133577.62920014514,0.3,170.5097075559438,,4651.817610945119,0.3,5.294553936424111
2026-04-21,519016.34077470656,0.3,172.1205919012972,0.3,,0.3,5.278422948709044
2026-04-22,131356.35635442776,0.3,170.8324507469591,0.3,4634.528885073007,0.3,5.211945197507972
2026-04-23,132550.96803545597,0.3,170.87731140145198,0.3,4621.7702732368025,0.3,5.209290321528506
2026-04-24,134685.33531644518,0.3,170.204123478086,0.3,4652.063273366997,0.3,5.168680295162794
2026-04-25,133634.88828638708,0.3,172.0526551679517,0.3,4655.4706378540905,0.3,5.123205624940205
2026-04-26,132981.67149711217,0.3,172.33861638570028,0.3,4629.385534715751,0.3,5.152056026668631
2026-04-27,133164.283720265,0.3,172.23456091865367,0.3,4635.065885916592,0.3,5.146490692730819
2026-04-28,134894.9221404062,,170.7993958843939,,4655.477036900081,0.3,5.14509587848703
2026-04-29,924133.3174639498,,,,,0.3,5.123290103686066
2026-04-30,920678.2215466885,,,,,0.3,5.168502554902445
2026-05-01,918641.1065301003,,,,,0.3,5.195357660954853
2026-05-02,920700.1591419295,,,,,0.3,5.168360855385124
2026-05-03,927511.9998903347,,,,,0.3,5.0812004224133105
2026-05-04,929133.3135772198,0.3,,,,0.3,5.0605751622533655
2026-05-05,530295.764317914,0.3,171.36489324947806,,,0.3,5.065901179194178
2026-05-06,534829.9656868463,0.3,170.89767322843988,0.3,,0.3,5.022800103675019
2026-05-07,134058.64141296933,0.3,170.8751415130612,0.3,4674.877696918514,0.3,4.986002743132311
2026-05-08,135849.97236277876,,173.3847271945044,0.3,4571.553954411061,0.3,5.004478105017196
2026-05-09,534693.1263192346,,,0.3,4538.286499532063,0.3,5.016132246813933
2026-05-10,541810.9782367374,0.3,,0.3,4416.102625923731,0.3,5.067385411034908
2026-05-11,135775.2086171147,0.3,175.61677149868038,0.3,4387.458136405805,0.3,5.064057815502798
2026-05-12,139165.9129523124,0.3,176.07588207337395,0.3,4328.443933315452,0.3,5.078717196782591
2026-05-13,138767.9625981432,,177.93041497036256,0.3,4275.811715988126,0.3,5.093063260222239
2026-05-14,542265.1984078219,,,0.3,4317.009566826322,0.3,5.055715080296069
2026-05-15,534726.053867311,,,0.3,4398.927247612759,0.3,5.056511641198763
2026-05-16,540060.1542008122,,,0.3,4395.064063967378,,4.995056359975816
2026-05-17,928783.4253467158,,,,4462.8709869044405,,
2026-05-18,1314569.4741746676,,,,,,
2026-05-19,1314569.4741746676,,,,,,
2026-05-20,1314569.4741746676,,,,,,
2026-05-21,1314569.4741746676,,,,,,
2026-05-22,1314569.4741746676,,,,,,
2026-05-23,1314569.4741746676,,,,,,
2026-05-24,1314569.4741746676,,,,,,
2026-05-25,1314569.4741746676,,,,,,
2026-05-26,1314569.4741746676,,,,,,
2026-05-27,1314569.4741746676,,,,,,
2026-05-28,1314569.4741746676,,,,,,
2026-05-29,1314569.4741746676,,,,,,
2026-05-30,1314569.4741746676,,,,,,
2026-05-31,1314569.4741746676,,,,,,
2026-06-01,1314569.4741746676,,,,,,
2026-06-02,1314569.4741746676,,,,,,
2026-06-03,1314569.4741746676,,,,,,
2026-06-04,1314569.4741746676,,,,,,
2026-06-05,1314569.4741746676,,,,,,
2026-06-06,1314569.4741746676,,,,,,
2026-06-07,1314569.4741746676,,,,,,
2026-06-08,1314569.4741746676,,,,,,
2026-06-09,1314569.4741746676,,,,,,
2026-06-10,1314569.4741746676,,,,,,
2026-06-11,1314569.4741746676,,,,,,
2026-06-12,1314569.4741746676,,,,,,
2026-06-13,1314569.4741746676,,,,,,
2026-06-14,1314569.4741746676,,,,,,
2026-06-15,1314569.4741746676,,,,,,
2026-06-16,1314569.4741746676,0.3,,0.3,,,
2026-06-17,525039.0479853624,0.3,219.56575714371098,0.3,5330.0561378379325,,
2026-06-18,524254.0263598874,,219.2927169859749,0.3,5347.366355003397,,
2026-06-19,905012.8194386279,,,,5385.542347714231,,
2026-06-20,1280117.3584763557,,,,,,
2026-06-21,1280117.3584763557,0.3,,0.3,,0.3,
2026-06-22,126859.63022500696,,220.57298759164172,0.3,5244.949482933358,,5.972738460758933
2026-06-23,882372.121159439,0.3,,0.3,5222.624386702837,0.3,
2026-06-24,125057.43485627742,,218.40306433344222,0.3,5245.892911223789,,5.895687439288813
2026-06-25,856530.3815056139,,,,5271.158945292405,,
2026-06-26,1215242.6719747721,,,,,,
2026-06-27,1215242.6719747721,,,0.3,,,
2026-06-28,850305.2975807481,,,0.3,5070.553461131864,,
2026-06-29,845405.1248794198,,,0.3,5139.999872995361,,
2026-06-30,848641.5591987529,,,0.3,5094.619931532634,,
2026-07-01,862109.4097545856,,,0.3,4915.275349703312,,
2026-07-02,856947.2580422458,,,0.3,4985.276637144582,,
2026-07-03,870161.5197647039,0.3,,0.3,4814.511217986174,,
2026-07-04,503126.9211116618,0.3,222.0647625646681,0.3,4678.3530182905215,0.3,
2026-07-05,127490.74586735299,0.3,218.20272889663298,0.3,4658.754131350026,0.3,6.130207743599254
2026-07-06,128411.0474634062,0.3,216.3609585503595,0.3,4709.791760749613,0.3,6.10130667842985
2026-07-07,128733.40478721923,0.3,216.28697362974194,0.3,4733.580795162188,0.3,6.067757559086543
2026-07-08,129440.51730666141,0.3,215.78964094699276,0.3,4739.155569151703,0.3,6.063533020761989
2026-07-09,127775.78812524005,0.3,216.39763564549452,0.3,4757.229739230239,0.3,6.049769286944014
2026-07-10,125208.895821539,0.3,215.4520249517396,0.3,4826.562762264211,0.3,6.03068418610762
2026-07-11,125917.89916654606,0.3,216.46763708683406,0.3,4840.1386413406435,0.3,5.974581143649302
2026-07-12,127631.39614991446,0.3,213.11054518610928,0.3,4900.533413179096,0.3,5.968164278871758
2026-07-13,126575.80575727075,0.3,212.41378220496318,0.3,4945.238453204809,0.3,5.950340738942052
2026-07-14,127021.58187338209,0.3,210.9141247371701,,4954.233748636677,0.3,5.974908292155225
2026-07-15,497971.82122123765,0.3,210.3659807871061,0.3,,0.3,5.996024936383161
2026-07-16,128194.02661864314,0.3,203.91923662000286,,4954.265719549097,0.3,5.93119664680518
2026-07-17,514102.31114298286,0.3,201.1977622300376,,,0.3,5.95879086746148
2026-07-18,507845.1853909641,0.3,204.26156623729605,,,0.3,5.967215861163968
2026-07-19,506225.4671232508,0.3,206.1267222775976,,,0.3,5.938731643004768
2026-07-20,510073.0039434195,0.3,205.3879472929563,,,0.3,5.900552130841931
2026-07-21,510600.2901778006,0.3,204.5422580376793,,,0.3,5.916827914976463
2026-07-22,514520.82927994244,0.3,202.5932586877847,,,0.3,5.9135781046484635
2026-07-23,519646.4800767446,0.3,201.92774173513638,,,0.3,5.8557881922769175
2026-07-24,518948.46943897463,0.3,201.2210981458687,,,0.3,5.886967658602542
2026-07-25,512054.6127840213,0.3,204.45603329302872,,,,5.89941842483442
2026-07-26,889339.0421779299,0.3,204.84559972842587,,,0.3,
2026-07-27,508975.92355977435,0.3,203.75703371105763,,,0.3,5.934290001035094
2026-07-28,518136.38766058296,0.3,198.8059341504173,,,,5.942047855934421
2026-07-29,890871.5078278141,0.3,201.82870588608455,,,,
2026-07-30,895177.1638942168,0.3,199.58652439898938,,,,
2026-07-31,893570.179984083,0.3,200.4267200091349,,,0.3,
2026-08-01,510836.61932399706,,199.87063532638408,,,,5.918734817283218
2026-08-02,1254587.8425518319,,,,,,
2026-08-03,1254587.8425518319,,,,,,
2026-08-04,1254587.8425518319,,,,,,
2026-08-05,1254587.8425518319,,,,,,
2026-08-06,1254587.8425518319,0.3,,,,0.3,
2026-08-07,501082.3843152017,0.3,197.1681986193179,,,,5.82038144093071
2026-08-08,875254.2556809629,0.3,197.08497002541526,,,0.3,
2026-08-09,500627.671095161,0.3,196.2990655962511,0.3,,0.3,5.787664523520135
2026-08-10,124910.18666601123,0.3,196.09218460868087,0.3,4944.221408130913,0.3,5.785785756857004
2026-08-11,125210.16119404798,,196.60221451933143,0.3,4925.754202054461,,5.787809310612645
2026-08-12,865915.3379679637,,,0.3,4887.162319124216,,
2026-08-13,867162.8377335899,,,0.3,4870.79602208366,,
2026-08-14,864910.6421641462,,,0.3,4900.541469492109,,
2026-08-15,867104.5615169604,,,0.3,4871.75128197996,,
2026-08-16,864101.2305977778,,,0.3,4911.543464047281,,
2026-08-17,863930.0451691097,,,0.3,4913.813064813266,,
2026-08-18,861416.6418006904,0.3,,0.3,4947.462118465415,0.3,
2026-08-19,123004.90668154403,0.3,194.0106372120788,0.3,4883.673046903512,0.3,5.753055528900242
2026-08-20,124369.45915411222,0.3,194.5528880310194,0.3,4842.6117687473825,0.3,5.76470945652626
2026-08-21,137547.21797973738,0.3,183.2199268783536,0.3,4833.817743959416,0.3,5.953140498389707
2026-08-22,142217.88951214252,0.3,183.37735077347298,0.3,4868.088168836082,0.3,5.842877271203249
2026-08-23,151751.34631709027,0.3,180.93265827706523,0.3,4857.902923822318,0.3,5.811770613659441
2026-08-24,149366.0728742712,0.3,184.98773946508987,0.3,4776.204912584923,0.3,5.814488214062265
2026-08-25,151283.60692537803,0.3,184.24300836700482,0.3,4755.53107363033,0.3,5.8387307648836035
2026-08-26,154040.87836401147,0.3,186.18364793250822,0.3,4669.281939119754,0.3,5.850733090058143
2026-08-27,151929.15457157439,0.3,186.60715288154003,0.3,4718.591624873069,0.3,5.803679356263443
2026-08-28,155978.19207045063,0.3,186.6954302424095,0.3,4584.682285441379,0.3,5.922325580507884
2026-08-29,160007.6452132602,0.3,191.21622290062442,0.3,4398.831377131784,0.3,5.982989185238315
2026-08-30,155085.93854128325,0.3,190.4732797661329,0.3,4467.891619428259,0.3,5.977017842304712
2026-08-31,156259.30892043913,0.3,190.74683516607348,0.3,4438.904997360238,0.3,5.992493410207175
2026-09-01,153429.55421624053,0.3,190.46472098208406,0.3,4524.149965939181,0.3,5.92585488316871
2026-09-02,155530.13186912824,0.3,189.0893580674276,0.3,4527.502952480571,0.3,5.937856230235113
2026-09-03,152540.17521383593,0.3,189.2195145853255,0.3,4575.967789153377,0.3,5.909716062951412
2026-09-04,152172.8605139087,0.3,190.8688829462186,0.3,4545.411807398522,0.3,5.9030401721593355
2026-09-05,158290.4909206113,0.3,189.39354380734812,0.3,4568.584175460682,0.3,5.843511325613517
2026-09-06,155456.06419971678,0.3,189.90360484096277,0.3,4575.460472757858,0.3,5.854533759334342
2026-09-07,156589.38161696293,0.3,189.4046348257142,0.3,4553.072410399432,0.3,5.884701421358054
2026-09-08,159062.79297325664,0.3,189.79205710545656,0.3,4478.914259738064,0.3,5.939973475599231
2026-09-09,156647.76281859443,0.3,188.7294005777966,0.3,4527.178485771533,0.3,5.940519612135467
2026-09-10,155966.61679744194,0.3,188.28799472528044,0.3,4526.5439439941765,,5.963980719852988
2026-09-11,618514.7546307651,,188.09308618599715,,4570.641438698869,,
2026-09-12,1527212.0630311966,0.3,,0.3,,,
2026-09-13,609968.4979746598,0.3,182.0681715349525,,4472.07059596911,,
2026-09-14,1067028.9923810195,0.3,181.11984262764963,,,,
2026-09-15,1060970.6282572066,0.3,183.563147933611,,,,
2026-09-16,1065929.9095337247,,181.58985775034284,,,,
2026-09-17,1500994.1038613787,,,,,,
2026-09-18,1500994.1038613787,,,,,,
2026-09-19,1500994.1038613787,0.3,,0.3,,0.3,
