,portfolio_value
2024-01-15 00:00:00+00:00,1000000.0
2024-01-16 00:00:00+00:00,1000000.0
2024-01-17 00:00:00+00:00,1013558.91273
2024-01-18 00:00:00+00:00,1006636.50273
2024-01-19 00:00:00+00:00,989708.0962899999
2024-01-20 00:00:00+00:00,1015687.63099
2024-01-21 00:00:00+00:00,1013341.17613
2024-01-22 00:00:00+00:00,1011533.5441399999
2024-01-23 00:00:00+00:00,994105.84414
2024-01-24 00:00:00+00:00,1011235.0028199998
2024-01-25 00:00:00+00:00,1011235.0028199998
2024-01-26 00:00:00+00:00,1011235.0028199998
2024-01-27 00:00:00+00:00,1011235.0028199998
2024-01-28 00:00:00+00:00,1011235.0028199998
2024-01-29 00:00:00+00:00,1023060.6755899999
2024-01-30 00:00:00+00:00,1041563.9432199998
2024-01-31 00:00:00+00:00,1046728.3958699999
2024-02-01 00:00:00+00:00,1030513.6469799997
2024-02-02 00:00:00+00:00,1036799.4209799998
2024-02-03 00:00:00+00:00,1046621.2112999998
2024-02-04 00:00:00+00:00,1036896.6578699998
2024-02-05 00:00:00+00:00,1026553.0811799997
2024-02-06 00:00:00+00:00,1027840.2336799998
2024-02-07 00:00:00+00:00,1034518.6323999997
2024-02-08 00:00:00+00:00,1073317.8809399998
2024-02-09 00:00:00+00:00,1084905.01558
2024-02-10 00:00:00+00:00,1120136.6270199998
2024-02-11 00:00:00+00:00,1133522.7770699998
2024-02-12 00:00:00+00:00,1133178.8759099997
2024-02-13 00:00:00+00:00,1178393.7660599998
2024-02-14 00:00:00+00:00,1178256.41176
2024-02-15 00:00:00+00:00,1225100.2005399996
2024-02-16 00:00:00+00:00,1222228.7715999999
2024-02-17 00:00:00+00:00,1211373.73276
2024-02-18 00:00:00+00:00,1201297.9214399997
2024-02-19 00:00:00+00:00,1227797.91064
2024-02-20 00:00:00+00:00,1231898.77708
2024-02-21 00:00:00+00:00,1233569.2754799998
2024-02-22 00:00:00+00:00,1213607.4128299996
2024-02-23 00:00:00+00:00,1220880.4130199999
2024-02-24 00:00:00+00:00,1211024.8871999998
2024-02-25 00:00:00+00:00,1225450.1171999997
2024-02-26 00:00:00+00:00,1241705.6726999995
2024-02-27 00:00:00+00:00,1268857.7626999998
2024-02-28 00:00:00+00:00,1312425.4648399998
2024-02-29 00:00:00+00:00,1405866.2743399998
2024-03-01 00:00:00+00:00,1421278.12774
2024-03-02 00:00:00+00:00,1453394.2781399998
2024-03-03 00:00:00+00:00,1450905.3559999997
2024-03-04 00:00:00+00:00,1467645.8567299997
2024-03-05 00:00:00+00:00,1532075.0946499996
2024-03-06 00:00:00+00:00,1463449.5180499998
2024-03-07 00:00:00+00:00,1532758.0089399999
2024-03-08 00:00:00+00:00,1596113.2073799998
2024-03-09 00:00:00+00:00,1610358.0360399997
2024-03-10 00:00:00+00:00,1612378.0036399998
2024-03-11 00:00:00+00:00,1613874.6226299999
2024-03-12 00:00:00+00:00,1673753.34723
2024-03-13 00:00:00+00:00,1667581.6192999997
2024-03-14 00:00:00+00:00,1725336.4998499998
2024-03-15 00:00:00+00:00,1742169.1421899996
2024-03-16 00:00:00+00:00,1731028.3178899998
2024-03-17 00:00:00+00:00,1664615.64697
2024-03-18 00:00:00+00:00,1776336.4680699995
2024-03-19 00:00:00+00:00,1781063.6083499999
2024-03-20 00:00:00+00:00,1668200.0703499997
2024-03-21 00:00:00+00:00,1771505.4157099996
2024-03-22 00:00:00+00:00,1773504.6297499996
2024-03-23 00:00:00+00:00,1784168.3926299994
2024-03-24 00:00:00+00:00,1775617.5744099994
2024-03-25 00:00:00+00:00,1809598.1322299994
2024-03-26 00:00:00+00:00,1826813.9366299994
2024-03-27 00:00:00+00:00,1852017.7958199994
2024-03-28 00:00:00+00:00,1835663.0876399996
2024-03-29 00:00:00+00:00,1855880.6655599994
2024-03-30 00:00:00+00:00,1855849.5769199994
2024-03-31 00:00:00+00:00,1860004.1852799994
2024-04-01 00:00:00+00:00,1897498.4146799995
2024-04-02 00:00:00+00:00,1853857.1888199993
2024-04-03 00:00:00+00:00,1815101.8534899992
2024-04-04 00:00:00+00:00,1876934.0194899994
2024-04-05 00:00:00+00:00,1876934.0194899994
2024-04-06 00:00:00+00:00,1891265.1133299991
2024-04-07 00:00:00+00:00,1899868.1533299992
2024-04-08 00:00:00+00:00,1903583.2733299993
2024-04-09 00:00:00+00:00,1979403.7830299994
2024-04-10 00:00:00+00:00,1927663.1188299991
2024-04-11 00:00:00+00:00,1948289.3642899995
2024-04-12 00:00:00+00:00,1936454.2466899992
2024-04-13 00:00:00+00:00,1869940.9554099995
2024-04-14 00:00:00+00:00,1935398.8523699993
2024-04-15 00:00:00+00:00,1935398.8523699993
2024-04-16 00:00:00+00:00,1935398.8523699993
2024-04-17 00:00:00+00:00,1935398.8523699993
2024-04-18 00:00:00+00:00,1935398.8523699993
2024-04-19 00:00:00+00:00,1935398.8523699993
2024-04-20 00:00:00+00:00,1935398.8523699993
2024-04-21 00:00:00+00:00,1935398.8523699993
2024-04-22 00:00:00+00:00,1935398.8523699993
2024-04-23 00:00:00+00:00,1935398.8523699993
2024-04-24 00:00:00+00:00,1946662.1231699993
2024-04-25 00:00:00+00:00,1949370.1286099993
2024-04-26 00:00:00+00:00,1949370.1286099993
2024-04-27 00:00:00+00:00,1949370.1286099993
2024-04-28 00:00:00+00:00,1949370.1286099993
2024-04-29 00:00:00+00:00,1973367.6068099993
2024-04-30 00:00:00+00:00,1964819.9446099992
2024-05-01 00:00:00+00:00,1928178.3111699994
2024-05-02 00:00:00+00:00,1964282.9712299993
2024-05-03 00:00:00+00:00,1964282.9712299993
2024-05-04 00:00:00+00:00,1964282.9712299993
2024-05-05 00:00:00+00:00,1999970.726089999
2024-05-06 00:00:00+00:00,2007971.5520999993
2024-05-07 00:00:00+00:00,2018458.236229999
2024-05-08 00:00:00+00:00,2019447.0708299992
2024-05-09 00:00:00+00:00,1997130.9869299992
2024-05-10 00:00:00+00:00,2019739.297979999
2024-05-11 00:00:00+00:00,2035495.7516099988
2024-05-12 00:00:00+00:00,2034784.5211299988
2024-05-13 00:00:00+00:00,2026334.2755899988
2024-05-14 00:00:00+00:00,2043514.0755899989
2024-05-15 00:00:00+00:00,2020626.1881099988
2024-05-16 00:00:00+00:00,2055199.5840799988
2024-05-17 00:00:00+00:00,2165817.3969499986
2024-05-18 00:00:00+00:00,2224738.1651099985
2024-05-19 00:00:00+00:00,2276533.4392299987
2024-05-20 00:00:00+00:00,2248068.3081499985
2024-05-21 00:00:00+00:00,2493482.6378499987
2024-05-22 00:00:00+00:00,2501727.835749998
2024-05-23 00:00:00+00:00,2473666.602149999
2024-05-24 00:00:00+00:00,2466434.8640899984
2024-05-25 00:00:00+00:00,2426573.8550099987
2024-05-26 00:00:00+00:00,2442059.1154099987
2024-05-27 00:00:00+00:00,2427167.5510699986
2024-05-28 00:00:00+00:00,2479871.8411199986
2024-05-29 00:00:00+00:00,2453587.6581999986
2024-05-30 00:00:00+00:00,2429665.4633999984
2024-05-31 00:00:00+00:00,2427431.1899999985
2024-06-01 00:00:00+00:00,2415875.4643999985
2024-06-02 00:00:00+00:00,2433301.0515199983
2024-06-03 00:00:00+00:00,2426564.8592299987
2024-06-04 00:00:00+00:00,2435499.7617699984
2024-06-05 00:00:00+00:00,2462803.6299299984
2024-06-06 00:00:00+00:00,2518090.9767199988
2024-06-07 00:00:00+00:00,2489327.9702999983
2024-06-08 00:00:00+00:00,2461617.3733999985
2024-06-09 00:00:00+00:00,2486600.1202199985
2024-06-10 00:00:00+00:00,2490314.6002199985
2024-06-11 00:00:00+00:00,2489125.0602199985
2024-06-12 00:00:00+00:00,2464641.7002199986
2024-06-13 00:00:00+00:00,2488360.1202199985
2024-06-14 00:00:00+00:00,2488360.1202199985
2024-06-15 00:00:00+00:00,2488360.1202199985
2024-06-16 00:00:00+00:00,2488360.1202199985
2024-06-17 00:00:00+00:00,2488360.1202199985
2024-06-18 00:00:00+00:00,2488360.1202199985
2024-06-19 00:00:00+00:00,2488360.1202199985
2024-06-20 00:00:00+00:00,2488360.1202199985
2024-06-21 00:00:00+00:00,2488360.1202199985
2024-06-22 00:00:00+00:00,2488360.1202199985
2024-06-23 00:00:00+00:00,2488360.1202199985
2024-06-24 00:00:00+00:00,2488360.1202199985
2024-06-25 00:00:00+00:00,2488360.1202199985
2024-06-26 00:00:00+00:00,2488360.1202199985
2024-06-27 00:00:00+00:00,2488360.1202199985
2024-06-28 00:00:00+00:00,2488360.1202199985
2024-06-29 00:00:00+00:00,2505182.004859999
2024-06-30 00:00:00+00:00,2557179.267099999
2024-07-01 00:00:00+00:00,2557179.267099999
2024-07-02 00:00:00+00:00,2591352.736059999
2024-07-03 00:00:00+00:00,2630348.7254099986
2024-07-04 00:00:00+00:00,2559941.181049999
2024-07-05 00:00:00+00:00,2500359.0732299984
2024-07-06 00:00:00+00:00,2564375.1249899985
2024-07-07 00:00:00+00:00,2564375.1249899985
2024-07-08 00:00:00+00:00,2548257.5143499984
2024-07-09 00:00:00+00:00,2612783.3369999984
2024-07-10 00:00:00+00:00,2670229.6724399985
2024-07-11 00:00:00+00:00,2673046.5149999983
2024-07-12 00:00:00+00:00,2637561.9706299985
2024-07-13 00:00:00+00:00,2672257.2053399985
2024-07-14 00:00:00+00:00,2707895.6039599986
2024-07-15 00:00:00+00:00,2741247.806359999
2024-07-16 00:00:00+00:00,2958496.897589999
2024-07-17 00:00:00+00:00,2969575.3024399984
2024-07-18 00:00:00+00:00,2912971.0626399987
2024-07-19 00:00:00+00:00,2942677.1419799984
2024-07-20 00:00:00+00:00,3057430.731679999
2024-07-21 00:00:00+00:00,3094951.9709899984
2024-07-22 00:00:00+00:00,3172720.3750599986
2024-07-23 00:00:00+00:00,3107179.5498599987
2024-07-24 00:00:00+00:00,3069383.813579999
2024-07-25 00:00:00+00:00,3047813.9681499987
2024-07-26 00:00:00+00:00,2980007.1129999985
2024-07-27 00:00:00+00:00,3108686.209929999
2024-07-28 00:00:00+00:00,3117658.1066299984
2024-07-29 00:00:00+00:00,3127286.7765099984
2024-07-30 00:00:00+00:00,3094877.1451499984
2024-07-31 00:00:00+00:00,3069570.872349999
2024-08-01 00:00:00+00:00,3010085.078379999
2024-08-02 00:00:00+00:00,3009135.048059998
2024-08-03 00:00:00+00:00,3030097.0383599983
2024-08-04 00:00:00+00:00,3030097.0383599983
2024-08-05 00:00:00+00:00,3030097.0383599983
2024-08-06 00:00:00+00:00,3030097.0383599983
2024-08-07 00:00:00+00:00,3030097.0383599983
2024-08-08 00:00:00+00:00,3030097.0383599983
2024-08-09 00:00:00+00:00,3030097.0383599983
2024-08-10 00:00:00+00:00,3030097.0383599983
2024-08-11 00:00:00+00:00,3030097.0383599983
2024-08-12 00:00:00+00:00,3030097.0383599983
2024-08-13 00:00:00+00:00,3030097.0383599983
2024-08-14 00:00:00+00:00,3030097.0383599983
2024-08-15 00:00:00+00:00,3030097.0383599983
2024-08-16 00:00:00+00:00,3030097.0383599983
2024-08-17 00:00:00+00:00,3030097.0383599983
2024-08-18 00:00:00+00:00,3030097.0383599983
2024-08-19 00:00:00+00:00,3030097.0383599983
2024-08-20 00:00:00+00:00,3030097.0383599983
2024-08-21 00:00:00+00:00,3030097.0383599983
2024-08-22 00:00:00+00:00,3030097.0383599983
2024-08-23 00:00:00+00:00,3066408.9394299984
2024-08-24 00:00:00+00:00,3170205.537299998
2024-08-25 00:00:00+00:00,3290494.4854199984
2024-08-26 00:00:00+00:00,3270807.7379999985
2024-08-27 00:00:00+00:00,3216309.3101899987
2024-08-28 00:00:00+00:00,3023995.9607099984
2024-08-29 00:00:00+00:00,3213716.9655899988
2024-08-30 00:00:00+00:00,3213716.9655899988
2024-08-31 00:00:00+00:00,3213716.9655899988
2024-09-01 00:00:00+00:00,3213716.9655899988
2024-09-02 00:00:00+00:00,3213716.9655899988
2024-09-03 00:00:00+00:00,3213716.9655899988
2024-09-04 00:00:00+00:00,3213716.9655899988
2024-09-05 00:00:00+00:00,3213716.9655899988
2024-09-06 00:00:00+00:00,3213716.9655899988
2024-09-07 00:00:00+00:00,3213716.9655899988
2024-09-08 00:00:00+00:00,3213716.9655899988
2024-09-09 00:00:00+00:00,3213716.9655899988
2024-09-10 00:00:00+00:00,3213716.9655899988
2024-09-11 00:00:00+00:00,3213716.9655899988
2024-09-12 00:00:00+00:00,3213716.9655899988
2024-09-13 00:00:00+00:00,3213716.9655899988
2024-09-14 00:00:00+00:00,3213716.9655899988
2024-09-15 00:00:00+00:00,3249247.127469999
2024-09-16 00:00:00+00:00,3195140.2399899988
2024-09-17 00:00:00+00:00,3220019.7441899986
2024-09-18 00:00:00+00:00,3253619.7441899986
2024-09-19 00:00:00+00:00,3276755.7441899986
2024-09-20 00:00:00+00:00,3379599.295769999
2024-09-21 00:00:00+00:00,3491228.725369999
2024-09-22 00:00:00+00:00,3534477.865199999
2024-09-23 00:00:00+00:00,3489717.822799999
2024-09-24 00:00:00+00:00,3514881.6809399985
2024-09-25 00:00:00+00:00,3590514.790889999
2024-09-26 00:00:00+00:00,3508497.0502099986
2024-09-27 00:00:00+00:00,3619036.359429999
2024-09-28 00:00:00+00:00,3675051.7086799988
2024-09-29 00:00:00+00:00,3661562.8725099987
2024-09-30 00:00:00+00:00,3662219.055809999
2024-10-01 00:00:00+00:00,3559021.885389999
2024-10-02 00:00:00+00:00,3406460.867529999
2024-10-03 00:00:00+00:00,3476390.5549799986
2024-10-04 00:00:00+00:00,3508525.8407399985
2024-10-05 00:00:00+00:00,3508525.8407399985
2024-10-06 00:00:00+00:00,3508525.8407399985
2024-10-07 00:00:00+00:00,3508525.8407399985
2024-10-08 00:00:00+00:00,3508525.8407399985
2024-10-09 00:00:00+00:00,3508525.8407399985
2024-10-10 00:00:00+00:00,3508525.8407399985
2024-10-11 00:00:00+00:00,3508525.8407399985
2024-10-12 00:00:00+00:00,3508525.8407399985
2024-10-13 00:00:00+00:00,3508525.8407399985
2024-10-14 00:00:00+00:00,3512805.680899999
2024-10-15 00:00:00+00:00,3643793.0856799986
2024-10-16 00:00:00+00:00,3704909.0372799984
2024-10-17 00:00:00+00:00,3713664.1651299982
2024-10-18 00:00:00+00:00,3680735.0052899984
2024-10-19 00:00:00+00:00,3745162.5596899986
2024-10-20 00:00:00+00:00,3784703.8098699986
2024-10-21 00:00:00+00:00,3893349.927219999
2024-10-22 00:00:00+00:00,3821768.741009999
2024-10-23 00:00:00+00:00,3816244.668079999
2024-10-24 00:00:00+00:00,3783237.1140299984
2024-10-25 00:00:00+00:00,3892787.8169399984
2024-10-26 00:00:00+00:00,3743703.258419999
2024-10-27 00:00:00+00:00,3837134.593339999
2024-10-28 00:00:00+00:00,3896782.636029999
2024-10-29 00:00:00+00:00,3940310.565969999
2024-10-30 00:00:00+00:00,4055281.394299999
2024-10-31 00:00:00+00:00,4027485.162919999
2024-11-01 00:00:00+00:00,3886620.871079999
2024-11-02 00:00:00+00:00,3919388.825769999
2024-11-03 00:00:00+00:00,3916982.0113899997
2024-11-04 00:00:00+00:00,3905227.2746899994
2024-11-05 00:00:00+00:00,3889485.6146899993
2024-11-06 00:00:00+00:00,3904058.0828599995
2024-11-07 00:00:00+00:00,4034178.2926899996
2024-11-08 00:00:00+00:00,4488437.9716
2024-11-09 00:00:00+00:00,4556425.41094
2024-11-10 00:00:00+00:00,4635625.86091
2024-11-11 00:00:00+00:00,4799221.42608
2024-11-12 00:00:00+00:00,5123808.30701
2024-11-13 00:00:00+00:00,4985684.271749999
2024-11-14 00:00:00+00:00,5037154.929369999
2024-11-15 00:00:00+00:00,4886012.788
2024-11-16 00:00:00+00:00,5026250.116559999
2024-11-17 00:00:00+00:00,5024259.33847
2024-11-18 00:00:00+00:00,5134782.078629999
2024-11-19 00:00:00+00:00,5231410.25147
2024-11-20 00:00:00+00:00,5198430.65362
2024-11-21 00:00:00+00:00,5202223.60604
2024-11-22 00:00:00+00:00,5550659.57297
2024-11-23 00:00:00+00:00,5570708.58225
2024-11-24 00:00:00+00:00,5570506.497649999
2024-11-25 00:00:00+00:00,5544114.19461
2024-11-26 00:00:00+00:00,5366386.728499999
2024-11-27 00:00:00+00:00,5285534.072019999
2024-11-28 00:00:00+00:00,5580603.307159999
2024-11-29 00:00:00+00:00,5529006.6765399985
2024-11-30 00:00:00+00:00,5612209.603619998
2024-12-01 00:00:00+00:00,5606439.268219999
2024-12-02 00:00:00+00:00,5617613.19991
2024-12-03 00:00:00+00:00,5485274.982839999
2024-12-04 00:00:00+00:00,5551395.411669999
2024-12-05 00:00:00+00:00,5699555.32708
2024-12-06 00:00:00+00:00,5650281.60492
2024-12-07 00:00:00+00:00,5793753.943119999
2024-12-08 00:00:00+00:00,5797655.01455
2024-12-09 00:00:00+00:00,5822791.39167
2024-12-10 00:00:00+00:00,5629966.669229999
2024-12-11 00:00:00+00:00,5587327.3669799995
2024-12-12 00:00:00+00:00,5631068.86282
2024-12-13 00:00:00+00:00,5803548.630220001
2024-12-14 00:00:00+00:00,5838613.182020001
2024-12-15 00:00:00+00:00,5821951.16722
2024-12-16 00:00:00+00:00,5913611.810020002
2024-12-17 00:00:00+00:00,5954005.09702
2024-12-18 00:00:00+00:00,5912954.84248
2024-12-19 00:00:00+00:00,5693955.235040001
2024-12-20 00:00:00+00:00,5764332.062580001
2024-12-21 00:00:00+00:00,5809245.144410001
2024-12-22 00:00:00+00:00,5809245.144410001
2024-12-23 00:00:00+00:00,5809245.144410001
2024-12-24 00:00:00+00:00,5809245.144410001
2024-12-25 00:00:00+00:00,5809245.144410001
2024-12-26 00:00:00+00:00,5809245.144410001
2024-12-27 00:00:00+00:00,5809245.144410001
2024-12-28 00:00:00+00:00,5809245.144410001
2024-12-29 00:00:00+00:00,5809245.144410001
2024-12-30 00:00:00+00:00,5809245.144410001
2024-12-31 00:00:00+00:00,5809245.144410001
2025-01-01 00:00:00+00:00,5809245.144410001
2025-01-02 00:00:00+00:00,5809245.144410001
2025-01-03 00:00:00+00:00,5809245.144410001
2025-01-04 00:00:00+00:00,6020181.152810001
2025-01-05 00:00:00+00:00,6129495.4299300015
2025-01-06 00:00:00+00:00,6093559.601930001
2025-01-07 00:00:00+00:00,6229736.246460001
2025-01-08 00:00:00+00:00,5837405.557650001
2025-01-09 00:00:00+00:00,5937878.879070001
2025-01-10 00:00:00+00:00,5855983.332820001
2025-01-11 00:00:00+00:00,5964645.1665400015
2025-01-12 00:00:00+00:00,5964645.1665400015
2025-01-13 00:00:00+00:00,5964645.1665400015
2025-01-14 00:00:00+00:00,5964645.1665400015
2025-01-15 00:00:00+00:00,5964645.1665400015
2025-01-16 00:00:00+00:00,6070245.836560002
2025-01-17 00:00:00+00:00,6332727.191680002
2025-01-18 00:00:00+00:00,6559934.223100002
2025-01-19 00:00:00+00:00,6967328.4153900035
2025-01-20 00:00:00+00:00,6917304.432720003
2025-01-21 00:00:00+00:00,6869692.020720002
2025-01-22 00:00:00+00:00,7011291.279920002
2025-01-23 00:00:00+00:00,7027708.666320003
2025-01-24 00:00:00+00:00,6994084.3501900025
2025-01-25 00:00:00+00:00,7016488.040290002
2025-01-26 00:00:00+00:00,7039295.171730002
2025-01-27 00:00:00+00:00,6812744.907550002
2025-01-28 00:00:00+00:00,6815726.324230002
2025-01-29 00:00:00+00:00,6731121.834530002
2025-01-30 00:00:00+00:00,6787764.719030002
2025-01-31 00:00:00+00:00,6898908.652710002
2025-02-01 00:00:00+00:00,6794738.662230003
2025-02-02 00:00:00+00:00,6518365.5238700025
2025-02-03 00:00:00+00:00,6823467.961360003
2025-02-04 00:00:00+00:00,6823467.961360003
2025-02-05 00:00:00+00:00,6823467.961360003
2025-02-06 00:00:00+00:00,6823467.961360003
2025-02-07 00:00:00+00:00,6823467.961360003
2025-02-08 00:00:00+00:00,6823467.961360003
2025-02-09 00:00:00+00:00,6823467.961360003
2025-02-10 00:00:00+00:00,6823467.961360003
2025-02-11 00:00:00+00:00,6823467.961360003
2025-02-12 00:00:00+00:00,6823467.961360003
2025-02-13 00:00:00+00:00,6823467.961360003
2025-02-14 00:00:00+00:00,6823467.961360003
2025-02-15 00:00:00+00:00,6823467.961360003
2025-02-16 00:00:00+00:00,6823467.961360003
2025-02-17 00:00:00+00:00,6823467.961360003
2025-02-18 00:00:00+00:00,6823467.961360003
2025-02-19 00:00:00+00:00,6823467.961360003
2025-02-20 00:00:00+00:00,6823467.961360003
2025-02-21 00:00:00+00:00,6823467.961360003
2025-02-22 00:00:00+00:00,6770143.430560002
2025-02-23 00:00:00+00:00,6867106.031230003
2025-02-24 00:00:00+00:00,6986168.902230003
2025-02-25 00:00:00+00:00,6752956.747010002
2025-02-26 00:00:00+00:00,6983207.214710003
2025-02-27 00:00:00+00:00,6983207.214710003
2025-02-28 00:00:00+00:00,6983207.214710003
2025-03-01 00:00:00+00:00,6983207.214710003
2025-03-02 00:00:00+00:00,6983207.214710003
2025-03-03 00:00:00+00:00,6983207.214710003
2025-03-04 00:00:00+00:00,6960919.495630003
2025-03-05 00:00:00+00:00,7682353.960830004
2025-03-06 00:00:00+00:00,7682353.960830004
2025-03-07 00:00:00+00:00,7682353.960830004
2025-03-08 00:00:00+00:00,7682353.960830004
2025-03-09 00:00:00+00:00,7682353.960830004
2025-03-10 00:00:00+00:00,7682353.960830004
2025-03-11 00:00:00+00:00,7682353.960830004
2025-03-12 00:00:00+00:00,7682353.960830004
2025-03-13 00:00:00+00:00,7682353.960830004
2025-03-14 00:00:00+00:00,7682353.960830004
2025-03-15 00:00:00+00:00,7682353.960830004
2025-03-16 00:00:00+00:00,7682353.960830004
2025-03-17 00:00:00+00:00,7682353.960830004
2025-03-18 00:00:00+00:00,7682353.960830004
2025-03-19 00:00:00+00:00,7682353.960830004
2025-03-20 00:00:00+00:00,7682353.960830004
2025-03-21 00:00:00+00:00,7720846.375020005
2025-03-22 00:00:00+00:00,7789310.114910005
2025-03-23 00:00:00+00:00,7789310.114910005
2025-03-24 00:00:00+00:00,7789310.114910005
2025-03-25 00:00:00+00:00,8110933.623480005
2025-03-26 00:00:00+00:00,8229105.243210005
2025-03-27 00:00:00+00:00,8036136.874920005
2025-03-28 00:00:00+00:00,8062181.016360005
2025-03-29 00:00:00+00:00,7698197.022540006
2025-03-30 00:00:00+00:00,7934175.207120005
2025-03-31 00:00:00+00:00,7979843.428860005
2025-04-01 00:00:00+00:00,7979843.428860005
2025-04-02 00:00:00+00:00,7979843.428860005
2025-04-03 00:00:00+00:00,7976471.888860005
2025-04-04 00:00:00+00:00,8050622.036710005
2025-04-05 00:00:00+00:00,8050622.036710005
2025-04-06 00:00:00+00:00,8050622.036710005
2025-04-07 00:00:00+00:00,8050622.036710005
2025-04-08 00:00:00+00:00,8050622.036710005
2025-04-09 00:00:00+00:00,8050622.036710005
2025-04-10 00:00:00+00:00,8050622.036710005
2025-04-11 00:00:00+00:00,8050622.036710005
2025-04-12 00:00:00+00:00,8050622.036710005
2025-04-13 00:00:00+00:00,8218321.817710007
2025-04-14 00:00:00+00:00,8311889.134840006
2025-04-15 00:00:00+00:00,8361853.066840005
2025-04-16 00:00:00+00:00,8269370.603300005
2025-04-17 00:00:00+00:00,8382200.772190005
2025-04-18 00:00:00+00:00,8483451.779090006
2025-04-19 00:00:00+00:00,8451908.592960004
2025-04-20 00:00:00+00:00,8579998.309640005
2025-04-21 00:00:00+00:00,8546724.501790006
2025-04-22 00:00:00+00:00,8594622.783730004
2025-04-23 00:00:00+00:00,9000619.035530005
2025-04-24 00:00:00+00:00,9432254.340500005
2025-04-25 00:00:00+00:00,9421737.744130004
2025-04-26 00:00:00+00:00,9433043.734070005
2025-04-27 00:00:00+00:00,9461430.594910005
2025-04-28 00:00:00+00:00,9364068.118350005
2025-04-29 00:00:00+00:00,9413864.432830004
2025-04-30 00:00:00+00:00,9358925.711970005
2025-05-01 00:00:00+00:00,9373320.752610004
2025-05-02 00:00:00+00:00,9576295.221270004
2025-05-03 00:00:00+00:00,9542618.117250005
2025-05-04 00:00:00+00:00,9473793.249900006
2025-05-05 00:00:00+00:00,9335174.026140004
2025-05-06 00:00:00+00:00,9419669.385370005
2025-05-07 00:00:00+00:00,9482587.592590004
2025-05-08 00:00:00+00:00,9487739.493070006
2025-05-09 00:00:00+00:00,10627365.859280005
2025-05-10 00:00:00+00:00,11167648.005100006
2025-05-11 00:00:00+00:00,11647510.356980005
2025-05-12 00:00:00+00:00,11421721.798950005
2025-05-13 00:00:00+00:00,11387620.740690006
2025-05-14 00:00:00+00:00,11868828.817110004
2025-05-15 00:00:00+00:00,11623712.798510006
2025-05-16 00:00:00+00:00,11429419.913220005
2025-05-17 00:00:00+00:00,11365860.245180005
2025-05-18 00:00:00+00:00,11240775.488470005
2025-05-19 00:00:00+00:00,11529475.627160005
2025-05-20 00:00:00+00:00,11414978.320010005
2025-05-21 00:00:00+00:00,11491820.824910004
2025-05-22 00:00:00+00:00,11724052.556790004
2025-05-23 00:00:00+00:00,12080305.358690005
2025-05-24 00:00:00+00:00,11624143.173810005
2025-05-25 00:00:00+00:00,11706967.813460005
2025-05-26 00:00:00+00:00,11774461.551770005
2025-05-27 00:00:00+00:00,11789066.704460006
2025-05-28 00:00:00+00:00,11943929.770450003
2025-05-29 00:00:00+00:00,11845314.927330004
2025-05-30 00:00:00+00:00,11795426.148720004
2025-05-31 00:00:00+00:00,11730816.706000006
2025-06-01 00:00:00+00:00,11859409.271200003
2025-06-02 00:00:00+00:00,11859409.271200003
2025-06-03 00:00:00+00:00,11859409.271200003
2025-06-04 00:00:00+00:00,11931730.012000002
2025-06-05 00:00:00+00:00,11951712.044240002
2025-06-06 00:00:00+00:00,11684165.734090002
2025-06-07 00:00:00+00:00,11948213.860330002
2025-06-08 00:00:00+00:00,11948213.860330002
2025-06-09 00:00:00+00:00,11948213.860330002
2025-06-10 00:00:00+00:00,11948213.860330002
2025-06-11 00:00:00+00:00,12528740.806480002
2025-06-12 00:00:00+00:00,12398742.856690003
2025-06-13 00:00:00+00:00,12223669.462430002
2025-06-14 00:00:00+00:00,12236850.104810003
2025-06-15 00:00:00+00:00,12317324.675630003
2025-06-16 00:00:00+00:00,12317324.675630003
2025-06-17 00:00:00+00:00,12317324.675630003
2025-06-18 00:00:00+00:00,12278277.578950003
2025-06-19 00:00:00+00:00,12350920.804930003
2025-06-20 00:00:00+00:00,12350920.804930003
2025-06-21 00:00:00+00:00,12350920.804930003
2025-06-22 00:00:00+00:00,12350920.804930003
2025-06-23 00:00:00+00:00,12350920.804930003
2025-06-24 00:00:00+00:00,12350920.804930003
2025-06-25 00:00:00+00:00,12531574.785610003
2025-06-26 00:00:00+00:00,12576847.665610004
2025-06-27 00:00:00+00:00,12562680.945610004
2025-06-28 00:00:00+00:00,12566300.025610004
2025-06-29 00:00:00+00:00,12575271.225610003
2025-06-30 00:00:00+00:00,12907820.276110005
2025-07-01 00:00:00+00:00,12975520.010320004
2025-07-02 00:00:00+00:00,12595945.461570004
2025-07-03 00:00:00+00:00,12970693.715710003
2025-07-04 00:00:00+00:00,13307742.671200003
2025-07-05 00:00:00+00:00,12997096.082930004
2025-07-06 00:00:00+00:00,13020324.64774
2025-07-07 00:00:00+00:00,13254556.542400002
2025-07-08 00:00:00+00:00,13099317.547090001
2025-07-09 00:00:00+00:00,13311163.357180001
2025-07-10 00:00:00+00:00,13785011.860720005
2025-07-11 00:00:00+00:00,14455283.554060005
2025-07-12 00:00:00+00:00,14489415.864940003
2025-07-13 00:00:00+00:00,14404573.696550002
2025-07-14 00:00:00+00:00,14520407.143050004
2025-07-15 00:00:00+00:00,14639272.470340002
2025-07-16 00:00:00+00:00,14794145.550680002
2025-07-17 00:00:00+00:00,15433881.141740004
2025-07-18 00:00:00+00:00,15684379.927280003
2025-07-19 00:00:00+00:00,15760168.998310003
2025-07-20 00:00:00+00:00,15806592.760550005
2025-07-21 00:00:00+00:00,16122040.603750005
2025-07-22 00:00:00+00:00,16528166.749200003
2025-07-23 00:00:00+00:00,16887491.478710003
2025-07-24 00:00:00+00:00,16242543.128350005
2025-07-25 00:00:00+00:00,16215816.577140003
2025-07-26 00:00:00+00:00,16299598.071430001
2025-07-27 00:00:00+00:00,16286628.856910003
2025-07-28 00:00:00+00:00,16619000.332400003
2025-07-29 00:00:00+00:00,16322460.493760003
2025-07-30 00:00:00+00:00,16278894.183270002
2025-07-31 00:00:00+00:00,16199043.051730003
2025-08-01 00:00:00+00:00,16149829.821670003
2025-08-02 00:00:00+00:00,15883438.341670005
2025-08-03 00:00:00+00:00,16146095.669590004
2025-08-04 00:00:00+00:00,16146095.669590004
2025-08-05 00:00:00+00:00,16146095.669590004
2025-08-06 00:00:00+00:00,16300873.920840004
2025-08-07 00:00:00+00:00,16446671.499690006
2025-08-08 00:00:00+00:00,16849215.294030007
2025-08-09 00:00:00+00:00,17054045.416560005
2025-08-10 00:00:00+00:00,17405497.290800005
2025-08-11 00:00:00+00:00,17559031.767510004
2025-08-12 00:00:00+00:00,17390730.415200006
2025-08-13 00:00:00+00:00,18130055.234130006
2025-08-14 00:00:00+00:00,19324434.596510004
2025-08-15 00:00:00+00:00,18551419.727700002
2025-08-16 00:00:00+00:00,18246159.965000004
2025-08-17 00:00:00+00:00,18328093.813300006
2025-08-18 00:00:00+00:00,18436239.193990007
2025-08-19 00:00:00+00:00,17946642.128590006
2025-08-20 00:00:00+00:00,17536073.543480005
2025-08-21 00:00:00+00:00,18034362.400030006
2025-08-22 00:00:00+00:00,18034500.490950003
2025-08-23 00:00:00+00:00,19401741.53801
2025-08-24 00:00:00+00:00,19731702.175510004
2025-08-25 00:00:00+00:00,19855748.433220003
2025-08-26 00:00:00+00:00,18803698.053820007
2025-08-27 00:00:00+00:00,19365213.394000005
2025-08-28 00:00:00+00:00,19523666.08844
2025-08-29 00:00:00+00:00,19869212.696250003
2025-08-30 00:00:00+00:00,19388693.168870002
2025-08-31 00:00:00+00:00,19538327.27712
2025-09-01 00:00:00+00:00,19475102.94117
2025-09-02 00:00:00+00:00,19379434.62777
2025-09-03 00:00:00+00:00,19736199.60105
2025-09-04 00:00:00+00:00,19782266.58341
2025-09-05 00:00:00+00:00,19495180.916899998
2025-09-06 00:00:00+00:00,19732183.63581
2025-09-07 00:00:00+00:00,19639822.094929997
2025-09-08 00:00:00+00:00,19820021.85448
2025-09-09 00:00:00+00:00,20054923.629869998
2025-09-10 00:00:00+00:00,20157023.54682
2025-09-11 00:00:00+00:00,20478076.370279998
2025-09-12 00:00:00+00:00,20696190.4851
2025-09-13 00:00:00+00:00,21607707.754809998
2025-09-14 00:00:00+00:00,21556083.38264
2025-09-15 00:00:00+00:00,21367074.501179997
2025-09-16 00:00:00+00:00,21117252.471899997
2025-09-17 00:00:00+00:00,21235320.57093
2025-09-18 00:00:00+00:00,21557386.792709995
2025-09-19 00:00:00+00:00,21663456.172469996
2025-09-20 00:00:00+00:00,21175277.026189998
2025-09-21 00:00:00+00:00,21230173.51123
2025-09-22 00:00:00+00:00,21067105.646139998
2025-09-23 00:00:00+00:00,20553737.682569996
2025-09-24 00:00:00+00:00,21099604.4319
2025-09-25 00:00:00+00:00,21099604.4319
2025-09-26 00:00:00+00:00,21099604.4319
2025-09-27 00:00:00+00:00,21099604.4319
2025-09-28 00:00:00+00:00,21099604.4319
2025-09-29 00:00:00+00:00,21099604.4319
2025-09-30 00:00:00+00:00,21099604.4319
2025-10-01 00:00:00+00:00,21198881.570139997
2025-10-02 00:00:00+00:00,21207210.339819998
2025-10-03 00:00:00+00:00,22071334.338019997
2025-10-04 00:00:00+00:00,22522303.466889996
2025-10-05 00:00:00+00:00,22351882.367299996
2025-10-06 00:00:00+00:00,22472524.68201
2025-10-07 00:00:00+00:00,22904961.25377
2025-10-08 00:00:00+00:00,21995199.984249994
2025-10-09 00:00:00+00:00,22607485.49251
2025-10-10 00:00:00+00:00,22311531.577729996
2025-10-11 00:00:00+00:00,20096092.94718
2025-10-12 00:00:00+00:00,22311445.768409997
2025-10-13 00:00:00+00:00,22311445.768409997
2025-10-14 00:00:00+00:00,22311445.768409997
2025-10-15 00:00:00+00:00,22311445.768409997
2025-10-16 00:00:00+00:00,22311445.768409997
2025-10-17 00:00:00+00:00,22311445.768409997
2025-10-18 00:00:00+00:00,22311445.768409997
2025-10-19 00:00:00+00:00,22311445.768409997
2025-10-20 00:00:00+00:00,22311445.768409997
2025-10-21 00:00:00+00:00,22311445.768409997
2025-10-22 00:00:00+00:00,22311445.768409997
2025-10-23 00:00:00+00:00,22311445.768409997
2025-10-24 00:00:00+00:00,22311445.768409997
2025-10-25 00:00:00+00:00,22311445.768409997
2025-10-26 00:00:00+00:00,22311445.768409997
2025-10-27 00:00:00+00:00,22311445.768409997
2025-10-28 00:00:00+00:00,22885959.99676
2025-10-29 00:00:00+00:00,22427192.43218
2025-10-30 00:00:00+00:00,22476376.215129998
2025-10-31 00:00:00+00:00,22319886.31213
2025-11-01 00:00:00+00:00,22632668.51243
2025-11-02 00:00:00+00:00,22632668.51243
2025-11-03 00:00:00+00:00,22632668.51243
2025-11-04 00:00:00+00:00,22411533.86833
2025-11-05 00:00:00+00:00,22646207.53624
2025-11-06 00:00:00+00:00,22646207.53624
2025-11-07 00:00:00+00:00,22646207.53624
2025-11-08 00:00:00+00:00,22646207.53624
2025-11-09 00:00:00+00:00,22646207.53624
2025-11-10 00:00:00+00:00,22646207.53624
2025-11-11 00:00:00+00:00,22646207.53624
2025-11-12 00:00:00+00:00,22646207.53624
2025-11-13 00:00:00+00:00,22646207.53624
2025-11-14 00:00:00+00:00,22646207.53624
2025-11-15 00:00:00+00:00,22646207.53624
2025-11-16 00:00:00+00:00,22646207.53624
2025-11-17 00:00:00+00:00,22646207.53624
2025-11-18 00:00:00+00:00,22646207.53624
2025-11-19 00:00:00+00:00,22646207.53624
2025-11-20 00:00:00+00:00,22646207.53624
2025-11-21 00:00:00+00:00,22646207.53624
2025-11-22 00:00:00+00:00,22646207.53624
2025-11-23 00:00:00+00:00,22646207.53624
2025-11-24 00:00:00+00:00,22646207.53624
2025-11-25 00:00:00+00:00,22646207.53624
2025-11-26 00:00:00+00:00,22646207.53624
2025-11-27 00:00:00+00:00,22646207.53624
2025-11-28 00:00:00+00:00,22646207.53624
2025-11-29 00:00:00+00:00,22646207.53624
2025-11-30 00:00:00+00:00,22646207.53624
2025-12-01 00:00:00+00:00,22646207.53624
2025-12-02 00:00:00+00:00,22646207.53624
2025-12-03 00:00:00+00:00,22646207.53624
2025-12-04 00:00:00+00:00,25093944.625490002
2025-12-05 00:00:00+00:00,24565550.5772
2025-12-06 00:00:00+00:00,23831922.932210002
2025-12-07 00:00:00+00:00,24366450.500250004
2025-12-08 00:00:00+00:00,24420978.257760003
2025-12-09 00:00:00+00:00,24683201.043740004
2025-12-10 00:00:00+00:00,25320526.284860004
2025-12-11 00:00:00+00:00,25448905.465310004
2025-12-12 00:00:00+00:00,25300115.460530005
2025-12-13 00:00:00+00:00,24536221.754350007
2025-12-14 00:00:00+00:00,25007095.34019001
2025-12-15 00:00:00+00:00,24886965.13717001
2025-12-16 00:00:00+00:00,25003714.78733001
2025-12-17 00:00:00+00:00,25003714.78733001
2025-12-18 00:00:00+00:00,25003714.78733001
2025-12-19 00:00:00+00:00,25003714.78733001
2025-12-20 00:00:00+00:00,25003714.78733001
2025-12-21 00:00:00+00:00,25003714.78733001
2025-12-22 00:00:00+00:00,25003714.78733001
2025-12-23 00:00:00+00:00,25003714.78733001
2025-12-24 00:00:00+00:00,25003714.78733001
2025-12-25 00:00:00+00:00,25003714.78733001
2025-12-26 00:00:00+00:00,25003714.78733001
2025-12-27 00:00:00+00:00,25003714.78733001
2025-12-28 00:00:00+00:00,25003714.78733001
2025-12-29 00:00:00+00:00,25003714.78733001
2025-12-30 00:00:00+00:00,25003714.78733001
2025-12-31 00:00:00+00:00,25003714.78733001
2026-01-01 00:00:00+00:00,25031242.281280007
2026-01-02 00:00:00+00:00,25164393.74653001
2026-01-03 00:00:00+00:00,26122900.948760014
2026-01-04 00:00:00+00:00,26266057.70902001
2026-01-05 00:00:00+00:00,26431356.093980014
2026-01-06 00:00:00+00:00,27064760.230850015
2026-01-07 00:00:00+00:00,27440379.512230016
2026-01-08 00:00:00+00:00,26618650.890200015
2026-01-09 00:00:00+00:00,26592488.22592001
2026-01-10 00:00:00+00:00,26363257.16776001
2026-01-11 00:00:00+00:00,26342084.92407001
2026-01-12 00:00:00+00:00,26704354.147310015
2026-01-13 00:00:00+00:00,26633871.126370013
2026-01-14 00:00:00+00:00,27946222.563610014
2026-01-15 00:00:00+00:00,28300551.84722001
2026-01-16 00:00:00+00:00,27827109.002150014
2026-01-17 00:00:00+00:00,27918925.435810015
2026-01-18 00:00:00+00:00,27854642.52655001
2026-01-19 00:00:00+00:00,27323011.30539001
2026-01-20 00:00:00+00:00,26750786.10142001
2026-01-21 00:00:00+00:00,26027769.78142001
2026-01-22 00:00:00+00:00,26983712.53164001
2026-01-23 00:00:00+00:00,26983712.53164001
2026-01-24 00:00:00+00:00,26983712.53164001
2026-01-25 00:00:00+00:00,26983712.53164001
2026-01-26 00:00:00+00:00,26983712.53164001
2026-01-27 00:00:00+00:00,26983712.53164001
2026-01-28 00:00:00+00:00,26983712.53164001
2026-01-29 00:00:00+00:00,26983712.53164001
2026-01-30 00:00:00+00:00,26983712.53164001
2026-01-31 00:00:00+00:00,26983712.53164001
2026-02-01 00:00:00+00:00,26983712.53164001
2026-02-02 00:00:00+00:00,26983712.53164001
2026-02-03 00:00:00+00:00,26983712.53164001
2026-02-04 00:00:00+00:00,26983712.53164001
2026-02-05 00:00:00+00:00,26983712.53164001
2026-02-06 00:00:00+00:00,26983712.53164001
2026-02-07 00:00:00+00:00,26983712.53164001
2026-02-08 00:00:00+00:00,26983712.53164001
2026-02-09 00:00:00+00:00,26983712.53164001
2026-02-10 00:00:00+00:00,26983712.53164001
2026-02-11 00:00:00+00:00,26983712.53164001
2026-02-12 00:00:00+00:00,26983712.53164001
2026-02-13 00:00:00+00:00,26983712.53164001
2026-02-14 00:00:00+00:00,26983712.53164001
2026-02-15 00:00:00+00:00,26983712.53164001
2026-02-16 00:00:00+00:00,26983712.53164001
2026-02-17 00:00:00+00:00,26983712.53164001
2026-02-18 00:00:00+00:00,26983712.53164001
2026-02-19 00:00:00+00:00,26983712.53164001
2026-02-20 00:00:00+00:00,26983712.53164001
2026-02-21 00:00:00+00:00,26983712.53164001
2026-02-22 00:00:00+00:00,26983712.53164001
2026-02-23 00:00:00+00:00,26983712.53164001
2026-02-24 00:00:00+00:00,26983712.53164001
2026-02-25 00:00:00+00:00,26983712.53164001
2026-02-26 00:00:00+00:00,26983712.53164001
2026-02-27 00:00:00+00:00,28444813.875010014
2026-02-28 00:00:00+00:00,27663169.562120013
2026-03-01 00:00:00+00:00,28445708.256930012
2026-03-02 00:00:00+00:00,28620673.21853001
2026-03-03 00:00:00+00:00,28931766.09708001
2026-03-04 00:00:00+00:00,29483054.38097001
2026-03-05 00:00:00+00:00,31072797.91166001
2026-03-06 00:00:00+00:00,30449742.082710013
2026-03-07 00:00:00+00:00,29337663.25409002
2026-03-08 00:00:00+00:00,29488437.42981001
2026-03-09 00:00:00+00:00,29723662.64319001
2026-03-10 00:00:00+00:00,29723662.64319001
2026-03-11 00:00:00+00:00,31159178.598260008
2026-03-12 00:00:00+00:00,31347465.67441001
2026-03-13 00:00:00+00:00,31520652.38017001
2026-03-14 00:00:00+00:00,31805353.387140013
2026-03-15 00:00:00+00:00,31845749.15892001
2026-03-16 00:00:00+00:00,32899823.44330001
2026-03-17 00:00:00+00:00,34476654.87985001
2026-03-18 00:00:00+00:00,34006817.366340004
2026-03-19 00:00:00+00:00,32693281.799830012
2026-03-20 00:00:00+00:00,32149706.29587001
2026-03-21 00:00:00+00:00,32439763.16765001
2026-03-22 00:00:00+00:00,31763654.76096001
2026-03-23 00:00:00+00:00,32485553.513870012
2026-03-24 00:00:00+00:00,32485553.513870012
2026-03-25 00:00:00+00:00,33846525.80509001
2026-03-26 00:00:00+00:00,34119282.30434001
2026-03-27 00:00:00+00:00,32659217.770700008
2026-03-28 00:00:00+00:00,34091372.868310004
2026-03-29 00:00:00+00:00,34091372.868310004
2026-03-30 00:00:00+00:00,34091372.868310004
2026-03-31 00:00:00+00:00,34091372.868310004
2026-04-01 00:00:00+00:00,34091372.868310004
2026-04-02 00:00:00+00:00,34091372.868310004
2026-04-03 00:00:00+00:00,33846747.974800006
2026-04-04 00:00:00+00:00,34240357.55485001
2026-04-05 00:00:00+00:00,34240357.55485001
2026-04-06 00:00:00+00:00,34240357.55485001
2026-04-07 00:00:00+00:00,34663074.03978001
2026-04-08 00:00:00+00:00,35781697.32812001
2026-04-09 00:00:00+00:00,35758069.068150006
2026-04-10 00:00:00+00:00,36274742.41565001
2026-04-11 00:00:00+00:00,36728610.45586001
2026-04-12 00:00:00+00:00,37145579.35625001
2026-04-13 00:00:00+00:00,35880421.99400001
2026-04-14 00:00:00+00:00,37733264.02010001
2026-04-15 00:00:00+00:00,37858937.437060006
2026-04-16 00:00:00+00:00,38335958.68184001
2026-04-17 00:00:00+00:00,38914522.440740004
2026-04-18 00:00:00+00:00,39525069.509550005
2026-04-19 00:00:00+00:00,38625147.44289001
2026-04-20 00:00:00+00:00,37603010.65421001
2026-04-21 00:00:00+00:00,38491347.18731
2026-04-22 00:00:00+00:00,39005435.6294
2026-04-23 00:00:00+00:00,39641403.26293001
2026-04-24 00:00:00+00:00,39329219.33033001
2026-04-25 00:00:00+00:00,39144353.19621001
2026-04-26 00:00:00+00:00,39194218.295020014
2026-04-27 00:00:00+00:00,39706188.49760001
2026-04-28 00:00:00+00:00,38885764.40558001
2026-04-29 00:00:00+00:00,39342582.65503001
2026-04-30 00:00:00+00:00,39253723.85107
2026-05-01 00:00:00+00:00,39339697.38551001
2026-05-02 00:00:00+00:00,39632294.97551001
2026-05-03 00:00:00+00:00,39702931.57551001
2026-05-04 00:00:00+00:00,39683766.83325001
2026-05-05 00:00:00+00:00,40023468.92455001
2026-05-06 00:00:00+00:00,40253272.34240001
2026-05-07 00:00:00+00:00,40997158.38542
2026-05-08 00:00:00+00:00,40357345.658250004
2026-05-09 00:00:00+00:00,41180341.76410001
2026-05-10 00:00:00+00:00,41425804.29106001
2026-05-11 00:00:00+00:00,42440581.19904
2026-05-12 00:00:00+00:00,42332248.32467
2026-05-13 00:00:00+00:00,41384456.352630004
2026-05-14 00:00:00+00:00,41157936.82868001
2026-05-15 00:00:00+00:00,41545716.90397001
2026-05-16 00:00:00+00:00,40849434.98022001
2026-05-17 00:00:00+00:00,40798511.84502001
2026-05-18 00:00:00+00:00,41144383.04578001
2026-05-19 00:00:00+00:00,41144383.04578001
2026-05-20 00:00:00+00:00,41144383.04578001
2026-05-21 00:00:00+00:00,41144383.04578001
2026-05-22 00:00:00+00:00,41144383.04578001
2026-05-23 00:00:00+00:00,41144383.04578001
2026-05-24 00:00:00+00:00,41144383.04578001
2026-05-25 00:00:00+00:00,41144383.04578001
2026-05-26 00:00:00+00:00,41144383.04578001
2026-05-27 00:00:00+00:00,41144383.04578001
2026-05-28 00:00:00+00:00,41144383.04578001
2026-05-29 00:00:00+00:00,41144383.04578001
2026-05-30 00:00:00+00:00,41144383.04578001
2026-05-31 00:00:00+00:00,41144383.04578001
2026-06-01 00:00:00+00:00,41144383.04578001
2026-06-02 00:00:00+00:00,41144383.04578001
2026-06-03 00:00:00+00:00,41144383.04578001
2026-06-04 00:00:00+00:00,41144383.04578001
2026-06-05 00:00:00+00:00,41144383.04578001
2026-06-06 00:00:00+00:00,41144383.04578001
2026-06-07 00:00:00+00:00,41144383.04578001
2026-06-08 00:00:00+00:00,41144383.04578001
2026-06-09 00:00:00+00:00,41144383.04578001
2026-06-10 00:00:00+00:00,41144383.04578001
2026-06-11 00:00:00+00:00,41144383.04578001
2026-06-12 00:00:00+00:00,41144383.04578001
2026-06-13 00:00:00+00:00,41144383.04578001
2026-06-14 00:00:00+00:00,41144383.04578001
2026-06-15 00:00:00+00:00,41144383.04578001
2026-06-16 00:00:00+00:00,41144383.04578001
2026-06-17 00:00:00+00:00,41987615.23588
2026-06-18 00:00:00+00:00,41441334.15155001
2026-06-19 00:00:00+00:00,41332087.760630004
2026-06-20 00:00:00+00:00,41715604.909480006
2026-06-21 00:00:00+00:00,41715604.909480006
2026-06-22 00:00:00+00:00,42091552.43643
2026-06-23 00:00:00+00:00,42425987.180290006
2026-06-24 00:00:00+00:00,41592296.08941001
2026-06-25 00:00:00+00:00,42007539.034260005
2026-06-26 00:00:00+00:00,42271192.500860006
2026-06-27 00:00:00+00:00,42271192.500860006
2026-06-28 00:00:00+00:00,42779096.76594
2026-06-29 00:00:00+00:00,42947814.49054
2026-06-30 00:00:00+00:00,43642124.10265
2026-07-01 00:00:00+00:00,43371286.3883
2026-07-02 00:00:00+00:00,44042078.90145
2026-07-03 00:00:00+00:00,44651707.03001
2026-07-04 00:00:00+00:00,46132085.751049995
2026-07-05 00:00:00+00:00,46549683.53458
2026-07-06 00:00:00+00:00,46663320.850609995
2026-07-07 00:00:00+00:00,46917471.087749995
2026-07-08 00:00:00+00:00,46311381.9985
2026-07-09 00:00:00+00:00,45407641.191989996
2026-07-10 00:00:00+00:00,45661871.94788
2026-07-11 00:00:00+00:00,46292243.28438
2026-07-12 00:00:00+00:00,45911445.99276
2026-07-13 00:00:00+00:00,46077294.66129
2026-07-14 00:00:00+00:00,45189903.42095
2026-07-15 00:00:00+00:00,46971671.78750999
2026-07-16 00:00:00+00:00,47607956.71135999
2026-07-17 00:00:00+00:00,47087980.25888
2026-07-18 00:00:00+00:00,46952692.74635999
2026-07-19 00:00:00+00:00,47302878.86538999
2026-07-20 00:00:00+00:00,47355991.720779985
2026-07-21 00:00:00+00:00,47720634.39820999
2026-07-22 00:00:00+00:00,48202694.84533998
2026-07-23 00:00:00+00:00,48135198.35775998
2026-07-24 00:00:00+00:00,47497641.68325998
2026-07-25 00:00:00+00:00,47172858.19885998
2026-07-26 00:00:00+00:00,47464128.289719984
2026-07-27 00:00:00+00:00,48341559.34411998
2026-07-28 00:00:00+00:00,47500177.25940998
2026-07-29 00:00:00+00:00,48098680.92372998
2026-07-30 00:00:00+00:00,48020188.57123998
2026-07-31 00:00:00+00:00,48078311.154859975
2026-08-01 00:00:00+00:00,47397024.36144999
2026-08-02 00:00:00+00:00,48214277.68533997
2026-08-03 00:00:00+00:00,48214277.68533997
2026-08-04 00:00:00+00:00,48214277.68533997
2026-08-05 00:00:00+00:00,48214277.68533997
2026-08-06 00:00:00+00:00,48214277.68533997
2026-08-07 00:00:00+00:00,48500004.37268998
2026-08-08 00:00:00+00:00,48639486.20576998
2026-08-09 00:00:00+00:00,48789305.12590998
2026-08-10 00:00:00+00:00,49230874.66417998
2026-08-11 00:00:00+00:00,48674114.162079975
2026-08-12 00:00:00+00:00,49204892.64937998
2026-08-13 00:00:00+00:00,49075368.999379985
2026-08-14 00:00:00+00:00,49201561.671979986
2026-08-15 00:00:00+00:00,49031062.26321998
2026-08-16 00:00:00+00:00,49023294.83825998
2026-08-17 00:00:00+00:00,48878678.22105998
2026-08-18 00:00:00+00:00,49153369.86030998
2026-08-19 00:00:00+00:00,50087507.93462998
2026-08-20 00:00:00+00:00,55438087.64698999
2026-08-21 00:00:00+00:00,58043866.32447998
2026-08-22 00:00:00+00:00,61968485.093979985
2026-08-23 00:00:00+00:00,61027854.51706998
2026-08-24 00:00:00+00:00,61879003.93787998
2026-08-25 00:00:00+00:00,63048452.28984998
2026-08-26 00:00:00+00:00,62168864.44440998
2026-08-27 00:00:00+00:00,63827073.42910998
2026-08-28 00:00:00+00:00,65633969.49787999
2026-08-29 00:00:00+00:00,63506526.06679999
2026-08-30 00:00:00+00:00,64098380.72366998
2026-08-31 00:00:00+00:00,62949313.423799984
2026-09-01 00:00:00+00:00,63822669.76502998
2026-09-02 00:00:00+00:00,62603091.56934999
2026-09-03 00:00:00+00:00,62494466.54474998
2026-09-04 00:00:00+00:00,64996696.71401999
2026-09-05 00:00:00+00:00,63886302.15232998
2026-09-06 00:00:00+00:00,64412467.72045998
2026-09-07 00:00:00+00:00,65454831.37807998
2026-09-08 00:00:00+00:00,64442859.09286998
2026-09-09 00:00:00+00:00,64200467.54318999
2026-09-10 00:00:00+00:00,63695198.94812999
2026-09-11 00:00:00+00:00,62948538.77686998
2026-09-12 00:00:00+00:00,63676565.65634999
2026-09-13 00:00:00+00:00,64923326.142489985
2026-09-14 00:00:00+00:00,64658005.367329985
2026-09-15 00:00:00+00:00,64957615.012129985
2026-09-16 00:00:00+00:00,64040166.83152999
2026-09-17 00:00:00+00:00,64944318.53800999
2026-09-18 00:00:00+00:00,64944318.53800999
2026-09-19 00:00:00+00:00,64944318.53800999
2026-09-20 00:00:00+00:00,69397197.66831999
2026-09-21 00:00:00+00:00,69510630.19467999
